timestamp,cvegeo,pm25_interpolado,calidad_pm25,pm10_interpolado,calidad_pm10,metodo,n_sensores,poblacion_total,ninos_0a5,adultos_mayores,personas_discapacidad
2026-10-05T00:09:46.474894+00:00,1900601740121,6.9,Bueno,7.7,Bueno,promedio_sensores,1,2694,310,73,36
2026-10-05T00:09:46.474894+00:00,1900601740155,8.27,Bueno,9.11,Bueno,interpolacion_delaunay,0,1820,285,54,16
2026-10-05T00:09:46.474894+00:00,1900600781948,9.52,Bueno,10.69,Bueno,interpolacion_delaunay,0,1170,93,69,32
2026-10-05T00:09:46.474894+00:00,1900600012236,10.26,Bueno,11.19,Bueno,interpolacion_delaunay,0,264,28,6,0
2026-10-05T00:09:46.474894+00:00,1900600010225,8.29,Bueno,9.36,Bueno,interpolacion_delaunay,0,1,0,0,0
2026-10-05T00:09:46.474894+00:00,1900600010206,10.09,Bueno,11.33,Bueno,interpolacion_delaunay,0,6646,747,526,177
2026-10-05T00:09:46.474894+00:00,1900600010210,8.49,Bueno,9.6,Bueno,interpolacion_delaunay,0,0,0,0,0
2026-10-05T00:09:46.474894+00:00,1900600010244,9.96,Bueno,11.08,Bueno,interpolacion_delaunay,0,90,3,14,3
2026-10-05T00:09:46.474894+00:00,1900600010259,10.44,Bueno,11.63,Bueno,interpolacion_delaunay,0,3329,268,159,53
2026-10-05T00:09:46.474894+00:00,1900600010278,9.88,Bueno,10.97,Bueno,interpolacion_delaunay,0,486,52,18,8
2026-10-05T00:09:46.474894+00:00,1900600010297,8.35,Bueno,9.31,Bueno,interpolacion_delaunay,0,5850,524,288,225
2026-10-05T00:09:46.474894+00:00,1900600010475,9.48,Bueno,10.54,Bueno,interpolacion_delaunay,0,4729,407,844,249
2026-10-05T00:09:46.474894+00:00,190060001030A,8.17,Bueno,9.1,Bueno,interpolacion_delaunay,0,4134,431,170,127
2026-10-05T00:09:46.474894+00:00,1900600010348,10.87,Bueno,11.88,Bueno,interpolacion_delaunay,0,7877,871,609,196
2026-10-05T00:09:46.474894+00:00,1900600010460,9.92,Bueno,11.0,Bueno,interpolacion_delaunay,0,4909,343,1088,217
2026-10-05T00:09:46.474894+00:00,1900600010352,10.65,Bueno,11.62,Bueno,interpolacion_delaunay,0,1017,63,153,80
2026-10-05T00:09:46.474894+00:00,1900600010367,11.13,Bueno,12.12,Bueno,interpolacion_delaunay,0,469,45,60,46
2026-10-05T00:09:46.474894+00:00,1900600010403,9.59,Bueno,10.95,Bueno,interpolacion_delaunay,0,4726,352,972,196
2026-10-05T00:09:46.474894+00:00,190060001055A,9.38,Bueno,10.7,Bueno,interpolacion_delaunay,0,4579,363,547,197
2026-10-05T00:09:46.474894+00:00,1900600010583,9.05,Bueno,10.14,Bueno,interpolacion_delaunay,0,4964,382,425,153
2026-10-05T00:09:46.474894+00:00,1900600010598,8.45,Bueno,9.49,Bueno,interpolacion_delaunay,0,5332,416,338,212
2026-10-05T00:09:46.474894+00:00,1900600010723,10.49,Bueno,11.96,Bueno,interpolacion_delaunay,0,5109,353,1039,281
2026-10-05T00:09:46.474894+00:00,1900600010780,9.31,Bueno,10.29,Bueno,interpolacion_delaunay,0,3755,348,382,222
2026-10-05T00:09:46.474894+00:00,1900600010795,9.77,Bueno,10.76,Bueno,interpolacion_delaunay,0,5270,506,424,204
2026-10-05T00:09:46.474894+00:00,1900600010808,10.28,Bueno,11.28,Bueno,interpolacion_delaunay,0,3443,304,372,102
2026-10-05T00:09:46.474894+00:00,1900600010920,9.6,Bueno,11.0,Bueno,promedio_sensores,1,5729,316,496,128
2026-10-05T00:09:46.474894+00:00,1900600011011,9.82,Bueno,11.0,Bueno,interpolacion_delaunay,0,0,0,0,0
2026-10-05T00:09:46.474894+00:00,1900600011026,9.57,Bueno,10.71,Bueno,interpolacion_delaunay,0,0,0,0,0
2026-10-05T00:09:46.474894+00:00,1900600011064,9.8,Bueno,11.16,Bueno,interpolacion_delaunay,0,4513,371,370,162
2026-10-05T00:09:46.474894+00:00,1900600011098,8.0,Bueno,9.04,Bueno,interpolacion_delaunay,0,5772,542,419,165
2026-10-05T00:09:46.474894+00:00,1900600011149,10.77,Bueno,11.72,Bueno,interpolacion_delaunay,0,1140,100,87,38
2026-10-05T00:09:46.474894+00:00,1900600011350,9.79,Bueno,11.12,Bueno,interpolacion_delaunay,0,3323,233,353,93
2026-10-05T00:09:46.474894+00:00,1900600011365,9.91,Bueno,11.23,Bueno,interpolacion_delaunay,0,3259,285,225,87
2026-10-05T00:09:46.474894+00:00,190060001137A,10.45,Bueno,11.89,Bueno,interpolacion_delaunay,0,2748,223,522,132
2026-10-05T00:09:46.474894+00:00,1900600011632,7.58,Bueno,8.48,Bueno,interpolacion_delaunay,0,5931,475,161,144
2026-10-05T00:09:46.474894+00:00,1900600011384,10.49,Bueno,11.89,Bueno,interpolacion_delaunay,0,3359,263,352,73
2026-10-05T00:09:46.474894+00:00,1900600011399,9.85,Bueno,11.13,Bueno,interpolacion_delaunay,0,2371,274,284,91
2026-10-05T00:09:46.474894+00:00,1900600011469,7.63,Bueno,8.55,Bueno,interpolacion_delaunay,0,1932,125,131,96
2026-10-05T00:09:46.474894+00:00,1900600011401,10.35,Bueno,11.63,Bueno,interpolacion_delaunay,0,3593,269,468,144
2026-10-05T00:09:46.474894+00:00,190060001144A,7.83,Bueno,8.8,Bueno,interpolacion_delaunay,0,6239,575,321,95
2026-10-05T00:09:46.474894+00:00,1900600011473,8.83,Bueno,9.89,Bueno,interpolacion_delaunay,0,2826,209,259,107
2026-10-05T00:09:46.474894+00:00,1900600011488,9.14,Bueno,10.21,Bueno,interpolacion_delaunay,0,2922,234,293,96
2026-10-05T00:09:46.474894+00:00,1900600011492,9.42,Bueno,10.45,Bueno,interpolacion_delaunay,0,1725,134,78,56
2026-10-05T00:09:46.474894+00:00,1900600011505,8.97,Bueno,9.98,Bueno,interpolacion_delaunay,0,2030,151,78,103
2026-10-05T00:09:46.474894+00:00,190060001151A,8.92,Bueno,9.9,Bueno,interpolacion_delaunay,0,4650,413,187,145
2026-10-05T00:09:46.474894+00:00,1900600011524,8.94,Bueno,9.89,Bueno,interpolacion_delaunay,0,3658,279,744,150
2026-10-05T00:09:46.474894+00:00,1900600011539,9.46,Bueno,10.41,Bueno,interpolacion_delaunay,0,3879,269,179,190
2026-10-05T00:09:46.474894+00:00,1900600011543,10.16,Bueno,11.13,Bueno,interpolacion_delaunay,0,3926,372,127,91
2026-10-05T00:09:46.474894+00:00,1900600011844,8.14,Bueno,9.03,Bueno,interpolacion_delaunay,0,1922,166,57,23
2026-10-05T00:09:46.474894+00:00,1900600011666,7.83,Bueno,8.73,Bueno,interpolacion_delaunay,0,2454,221,74,68
2026-10-05T00:09:46.474894+00:00,1900600011859,8.42,Bueno,9.32,Bueno,interpolacion_delaunay,0,1533,143,46,34
2026-10-05T00:09:46.474894+00:00,1900600011863,9.82,Bueno,10.76,Bueno,interpolacion_delaunay,0,1050,130,36,5
2026-10-05T00:09:46.474894+00:00,1900600011878,9.89,Bueno,10.8,Bueno,interpolacion_delaunay,0,5255,440,206,130
2026-10-05T00:09:46.474894+00:00,1900600011882,9.68,Bueno,10.57,Bueno,interpolacion_delaunay,0,5356,444,208,243
2026-10-05T00:09:46.474894+00:00,190060001190A,10.51,Bueno,11.44,Bueno,interpolacion_delaunay,0,3346,296,126,99
2026-10-05T00:09:46.474894+00:00,1900600011914,10.32,Bueno,11.3,Bueno,interpolacion_delaunay,0,5844,518,215,189
2026-10-05T00:09:46.474894+00:00,1900600011929,10.54,Bueno,11.77,Bueno,interpolacion_delaunay,0,5690,426,232,211
2026-10-05T00:09:46.474894+00:00,1900600012043,9.0,Bueno,9.87,Bueno,interpolacion_delaunay,0,3660,375,120,69
2026-10-05T00:09:46.474894+00:00,1900600012109,8.47,Bueno,9.38,Bueno,interpolacion_delaunay,0,1488,155,32,33
2026-10-05T00:09:46.474894+00:00,1900600012128,9.57,Bueno,10.51,Bueno,interpolacion_delaunay,0,1714,168,66,31
2026-10-05T00:09:46.474894+00:00,190060001226A,9.29,Bueno,10.33,Bueno,interpolacion_delaunay,0,4528,324,328,117
2026-10-05T00:09:46.474894+00:00,1900600012274,8.55,Bueno,9.56,Bueno,interpolacion_delaunay,0,5782,615,191,106
2026-10-05T00:09:46.474894+00:00,190060001233A,8.47,Bueno,9.35,Bueno,interpolacion_delaunay,0,2449,267,53,48
2026-10-05T00:09:46.474894+00:00,1900600012414,8.94,Bueno,9.86,Bueno,interpolacion_delaunay,0,2297,332,39,45
2026-10-05T00:09:46.474894+00:00,1900600012429,9.18,Bueno,10.09,Bueno,interpolacion_delaunay,0,3283,479,97,39
2026-10-05T00:09:46.474894+00:00,1900600012734,10.03,Bueno,10.96,Bueno,interpolacion_delaunay,0,961,146,24,13
2026-10-05T00:09:46.474894+00:00,1900600010992,9.3,Bueno,10.48,Bueno,interpolacion_delaunay,0,0,0,0,0
2026-10-05T00:09:46.474894+00:00,1900600012804,9.31,Bueno,10.53,Bueno,interpolacion_delaunay,0,705,129,13,7
2026-10-05T00:09:46.474894+00:00,1900600011897,10.18,Bueno,11.42,Bueno,interpolacion_delaunay,0,3063,294,202,149
2026-10-05T00:09:46.474894+00:00,1900600012202,9.32,Bueno,10.25,Bueno,interpolacion_delaunay,0,372,48,3,8
2026-10-05T00:09:46.474894+00:00,1900600012039,9.81,Bueno,10.81,Bueno,interpolacion_delaunay,0,2684,242,90,67
2026-10-05T00:09:46.474894+00:00,1900601740047,7.3,Bueno,8.14,Bueno,interpolacion_delaunay,0,1719,266,38,40
2026-10-05T00:09:46.474894+00:00,190190001005A,6.28,Bueno,6.81,Bueno,interpolacion_delaunay,0,2404,108,693,69
2026-10-05T00:09:46.474894+00:00,1901900010064,11.9,Bueno,12.95,Bueno,promedio_sensores,4,2721,181,677,58
2026-10-05T00:09:46.474894+00:00,1901900010079,4.0,Bueno,4.6,Bueno,promedio_sensores,1,4464,212,1159,127
2026-10-05T00:09:46.474894+00:00,1901900010083,5.67,Bueno,6.0,Bueno,promedio_sensores,3,1374,63,441,45
2026-10-05T00:09:46.474894+00:00,1901900010098,5.9,Bueno,6.3,Bueno,promedio_sensores,1,1854,103,460,42
2026-10-05T00:09:46.474894+00:00,1901900010100,10.3,Bueno,10.9,Bueno,promedio_sensores,1,1944,129,547,21
2026-10-05T00:09:46.474894+00:00,1901900010149,5.1,Bueno,5.7,Bueno,promedio_sensores,1,1163,75,215,15
2026-10-05T00:09:46.474894+00:00,1901900010153,4.6,Bueno,5.3,Bueno,promedio_sensores,1,1800,134,430,81
2026-10-05T00:09:46.474894+00:00,1901900010168,7.4,Bueno,8.0,Bueno,promedio_sensores,1,1570,81,416,43
2026-10-05T00:09:46.474894+00:00,1901900010172,4.81,Bueno,5.22,Bueno,interpolacion_delaunay,0,1335,59,357,29
2026-10-05T00:09:46.474894+00:00,1901900010187,2.86,Bueno,3.28,Bueno,interpolacion_delaunay,0,4463,306,999,93
2026-10-05T00:09:46.474894+00:00,1901900010191,0.8,Bueno,0.9,Bueno,promedio_sensores,1,2824,172,637,108
2026-10-05T00:09:46.474894+00:00,1901900010204,4.66,Bueno,4.92,Bueno,interpolacion_delaunay,0,3926,317,736,119
2026-10-05T00:09:46.474894+00:00,1901900010223,5.94,Bueno,6.26,Bueno,interpolacion_delaunay,0,2979,89,503,54
2026-10-05T00:09:46.474894+00:00,1901900010238,7.0,Bueno,7.3,Bueno,promedio_sensores,1,1904,73,302,23
2026-10-05T00:09:46.474894+00:00,1901900010242,4.27,Bueno,4.43,Bueno,promedio_sensores,3,2717,143,729,92
2026-10-05T00:09:46.474894+00:00,1901900010257,4.7,Bueno,5.2,Bueno,promedio_sensores,1,1307,56,361,13
2026-10-05T00:09:46.474894+00:00,1901900010261,3.15,Bueno,3.45,Bueno,promedio_sensores,2,2240,113,567,42
2026-10-05T00:09:46.474894+00:00,1901900010280,2.81,Bueno,2.98,Bueno,interpolacion_delaunay,0,2690,79,360,43
2026-10-05T00:09:46.474894+00:00,1901900010350,9.22,Bueno,9.81,Bueno,interpolacion_delaunay,0,2768,148,592,68
2026-10-05T00:09:46.474894+00:00,1901900010365,10.5,Bueno,11.2,Bueno,promedio_sensores,1,3419,327,293,61
2026-10-05T00:09:46.474894+00:00,1901900010399,5.85,Bueno,6.05,Bueno,promedio_sensores,2,1162,6,68,0
2026-10-05T00:09:46.474894+00:00,1901900010401,5.5,Bueno,5.7,Bueno,promedio_sensores,1,2375,247,392,86
2026-10-05T00:09:46.474894+00:00,1901900010416,0.87,Bueno,1.06,Bueno,interpolacion_delaunay,0,700,19,105,4
2026-10-05T00:09:46.474894+00:00,1901900010420,6.4,Bueno,6.7,Bueno,promedio_sensores,1,1696,93,408,47
2026-10-05T00:09:46.474894+00:00,1901900010435,4.0,Bueno,4.5,Bueno,promedio_sensores,1,4494,346,601,54
2026-10-05T00:09:46.474894+00:00,190190001044A,5.93,Bueno,6.63,Bueno,promedio_sensores,3,4383,354,439,56
2026-10-05T00:09:46.474894+00:00,1901900010454,4.3,Bueno,4.65,Bueno,promedio_sensores,2,557,26,114,11
2026-10-05T00:09:46.474894+00:00,1901900010469,2.9,Bueno,3.1,Bueno,promedio_sensores,1,3112,170,568,37
2026-10-05T00:09:46.474894+00:00,1901900010473,3.03,Bueno,3.3,Bueno,interpolacion_delaunay,0,983,46,182,19
2026-10-05T00:09:46.474894+00:00,1901900010488,7.65,Bueno,8.55,Bueno,promedio_sensores,2,2757,295,371,102
2026-10-05T00:09:46.474894+00:00,1901900010492,3.15,Bueno,3.45,Bueno,promedio_sensores,2,2848,173,697,71
2026-10-05T00:09:46.474894+00:00,1901900010505,1.28,Bueno,1.39,Bueno,interpolacion_delaunay,0,2494,111,512,19
2026-10-05T00:09:46.474894+00:00,190190001051A,4.0,Bueno,4.1,Bueno,promedio_sensores,1,1899,111,507,36
2026-10-05T00:09:46.474894+00:00,1901900010558,0.27,Bueno,0.4,Bueno,promedio_sensores,3,1349,87,230,21
2026-10-05T00:09:46.474894+00:00,1901900010613,0.67,Bueno,0.76,Bueno,interpolacion_delaunay,0,132,0,20,0
2026-10-05T00:09:46.474894+00:00,1901900010384,5.04,Bueno,5.35,Bueno,interpolacion_delaunay,0,1111,19,119,15
2026-10-05T00:09:46.474894+00:00,1901900010219,6.37,Bueno,6.69,Bueno,interpolacion_delaunay,0,1954,106,555,58
2026-10-05T00:09:46.474894+00:00,1902100011338,44.54,Mala,55.67,Aceptable,interpolacion_delaunay,0,2800,219,134,55
2026-10-05T00:09:46.474894+00:00,1902100011817,6.0,Bueno,6.6,Bueno,promedio_sensores,1,583,52,40,11
2026-10-05T00:09:46.474894+00:00,1902100010293,8.19,Bueno,9.07,Bueno,interpolacion_delaunay,0,2008,84,165,35
2026-10-05T00:09:46.474894+00:00,190210001033A,7.49,Bueno,8.27,Bueno,interpolacion_delaunay,0,4000,286,440,91
2026-10-05T00:09:46.474894+00:00,1902100011060,50.96,Mala,63.26,Mala,interpolacion_delaunay,0,3355,278,195,95
2026-10-05T00:09:46.474894+00:00,1902100010289,11.86,Bueno,13.69,Bueno,interpolacion_delaunay,0,1352,78,109,44
2026-10-05T00:09:46.474894+00:00,1902100010325,10.26,Bueno,11.39,Bueno,interpolacion_delaunay,0,1,0,0,0
2026-10-05T00:09:46.474894+00:00,1902100011412,10.4,Bueno,11.9,Bueno,promedio_sensores,1,3239,228,156,27
2026-10-05T00:09:46.474894+00:00,1902100011427,6.86,Bueno,7.61,Bueno,interpolacion_delaunay,0,4126,302,227,21
2026-10-05T00:09:46.474894+00:00,1902100011408,7.29,Bueno,8.18,Bueno,interpolacion_delaunay,0,6781,377,571,69
2026-10-05T00:09:46.474894+00:00,1902100011342,52.0,Mala,65.15,Mala,interpolacion_delaunay,0,4655,261,185,126
2026-10-05T00:09:46.474894+00:00,1902100010043,28.34,Aceptable,34.25,Bueno,interpolacion_delaunay,0,4208,322,819,334
2026-10-05T00:09:46.474894+00:00,1902100010255,57.63,Mala,72.1,Mala,interpolacion_delaunay,0,6704,625,410,194
2026-10-05T00:09:46.474894+00:00,1902100010378,12.5,Bueno,13.9,Bueno,promedio_sensores,1,4134,262,294,72
2026-10-05T00:09:46.474894+00:00,1902100011075,49.19,Mala,61.05,Mala,interpolacion_delaunay,0,8122,855,320,248
2026-10-05T00:09:46.474894+00:00,1902600011832,10.76,Bueno,11.8,Bueno,interpolacion_delaunay,0,3764,305,386,174
2026-10-05T00:09:46.474894+00:00,1902600010035,9.96,Bueno,10.97,Bueno,interpolacion_delaunay,0,1597,156,285,106
2026-10-05T00:09:46.474894+00:00,1902600012332,58.67,Mala,73.26,Mala,interpolacion_delaunay,0,5634,507,898,399
2026-10-05T00:09:46.474894+00:00,1902600010020,10.31,Bueno,11.38,Bueno,interpolacion_delaunay,0,1825,174,355,160
2026-10-05T00:09:46.474894+00:00,1902600011279,9.96,Bueno,11.0,Bueno,interpolacion_delaunay,0,4324,384,731,269
2026-10-05T00:09:46.474894+00:00,1902600011283,9.77,Bueno,10.78,Bueno,interpolacion_delaunay,0,3719,341,754,207
2026-10-05T00:09:46.474894+00:00,1902600012440,11.1,Bueno,12.22,Bueno,interpolacion_delaunay,0,2604,133,153,35
2026-10-05T00:09:46.474894+00:00,1902600012667,13.86,Bueno,14.95,Bueno,interpolacion_delaunay,0,778,73,30,14
2026-10-05T00:09:46.474894+00:00,1902600012811,149.9,Extremadamente mala,194.02,Muy alta,interpolacion_delaunay,0,26,4,0,0
2026-10-05T00:09:46.474894+00:00,1902600010459,148.12,Extremadamente mala,191.21,Muy alta,interpolacion_delaunay,0,3039,123,850,229
2026-10-05T00:09:46.474894+00:00,1902600010317,88.02,Muy alta,112.14,Mala,interpolacion_delaunay,0,4084,275,902,321
2026-10-05T00:09:46.474894+00:00,1902600010957,10.33,Bueno,11.36,Bueno,interpolacion_delaunay,0,5841,533,1121,336
2026-10-05T00:09:46.474894+00:00,1902600011103,15.79,Aceptable,17.71,Bueno,interpolacion_delaunay,0,950,69,80,47
2026-10-05T00:09:46.474894+00:00,1902600011457,150.67,Extremadamente mala,194.79,Muy alta,interpolacion_delaunay,0,2279,129,466,94
2026-10-05T00:09:46.474894+00:00,1902600011404,15.93,Aceptable,18.96,Bueno,interpolacion_delaunay,0,3115,227,702,219
2026-10-05T00:09:46.474894+00:00,1902600011508,15.53,Aceptable,17.31,Bueno,interpolacion_delaunay,0,1978,175,250,90
2026-10-05T00:09:46.474894+00:00,1902600011828,10.47,Bueno,11.55,Bueno,interpolacion_delaunay,0,2175,178,266,60
2026-10-05T00:09:46.474894+00:00,1902600011847,11.11,Bueno,12.16,Bueno,interpolacion_delaunay,0,4488,374,407,157
2026-10-05T00:09:46.474894+00:00,1902600012402,15.22,Aceptable,16.46,Bueno,interpolacion_delaunay,0,2699,234,353,170
2026-10-05T00:09:46.474894+00:00,1902600012205,17.3,Aceptable,19.1,Bueno,interpolacion_delaunay,0,4435,432,502,204
2026-10-05T00:09:46.474894+00:00,1902600012258,14.21,Bueno,15.65,Bueno,interpolacion_delaunay,0,1006,77,102,40
2026-10-05T00:09:46.474894+00:00,1902600012296,12.31,Bueno,13.4,Bueno,interpolacion_delaunay,0,4398,237,919,190
2026-10-05T00:09:46.474894+00:00,1902600012455,11.11,Bueno,12.19,Bueno,interpolacion_delaunay,0,4962,328,296,118
2026-10-05T00:09:46.474894+00:00,1902600010302,94.18,Muy alta,120.21,Mala,interpolacion_delaunay,0,2790,166,675,209
2026-10-05T00:09:46.474894+00:00,1902600010425,14.62,Bueno,15.95,Bueno,interpolacion_delaunay,0,3687,235,843,230
2026-10-05T00:09:46.474894+00:00,1902600010533,15.2,Aceptable,16.55,Bueno,interpolacion_delaunay,0,1681,81,395,96
2026-10-05T00:09:46.474894+00:00,1902600011813,10.59,Bueno,11.68,Bueno,interpolacion_delaunay,0,5250,447,545,129
2026-10-05T00:09:46.474894+00:00,1902600011851,11.45,Bueno,12.51,Bueno,interpolacion_delaunay,0,4115,305,359,155
2026-10-05T00:09:46.474894+00:00,1902600012436,10.71,Bueno,11.83,Bueno,interpolacion_delaunay,0,3242,185,145,20
2026-10-05T00:09:46.474894+00:00,1902600012686,13.4,Bueno,14.67,Bueno,interpolacion_delaunay,0,40,3,7,5
2026-10-05T00:09:46.474894+00:00,1902600010124,11.74,Bueno,12.73,Bueno,interpolacion_delaunay,0,2665,140,749,113
2026-10-05T00:09:46.474894+00:00,1902600012417,12.19,Bueno,13.29,Bueno,interpolacion_delaunay,0,2073,147,228,128
2026-10-05T00:09:46.474894+00:00,1902600012347,18.41,Aceptable,20.02,Bueno,interpolacion_delaunay,0,4440,433,247,105
2026-10-05T00:09:46.474894+00:00,190260001239A,35.25,Mala,42.77,Bueno,interpolacion_delaunay,0,2697,236,207,88
2026-10-05T00:09:46.474894+00:00,190260001260A,13.65,Bueno,14.94,Bueno,interpolacion_delaunay,0,979,82,21,36
2026-10-05T00:09:46.474894+00:00,1902600011391,51.16,Mala,63.82,Mala,interpolacion_delaunay,0,3747,280,1036,286
2026-10-05T00:09:46.474894+00:00,1902600010251,13.58,Bueno,14.68,Bueno,interpolacion_delaunay,0,6072,581,994,581
2026-10-05T00:09:46.474894+00:00,1902600010707,237.1,Extremadamente mala,308.49,Extremadamente mala,interpolacion_delaunay,0,4261,296,986,365
2026-10-05T00:09:46.474894+00:00,190260001157A,241.68,Extremadamente mala,314.51,Extremadamente mala,interpolacion_delaunay,0,2161,148,444,126
2026-10-05T00:09:46.474894+00:00,1902600011654,16.56,Aceptable,18.17,Bueno,interpolacion_delaunay,0,3737,309,535,205
2026-10-05T00:09:46.474894+00:00,1902600012385,143.84,Extremadamente mala,186.05,Muy alta,interpolacion_delaunay,0,108,11,8,5
2026-10-05T00:09:46.474894+00:00,1902600011495,15.74,Aceptable,17.45,Bueno,interpolacion_delaunay,0,2675,203,421,91
2026-10-05T00:09:46.474894+00:00,1902600012525,17.81,Aceptable,19.31,Bueno,interpolacion_delaunay,0,6162,464,363,124
2026-10-05T00:09:46.474894+00:00,1902600010995,11.49,Bueno,12.52,Bueno,interpolacion_delaunay,0,1016,61,224,56
2026-10-05T00:09:46.474894+00:00,1902600011866,11.62,Bueno,12.62,Bueno,interpolacion_delaunay,0,3064,167,548,67
2026-10-05T00:09:46.474894+00:00,190260001207A,8.07,Bueno,9.0,Bueno,interpolacion_delaunay,0,2199,99,452,47
2026-10-05T00:09:46.474894+00:00,1902600012120,6.97,Bueno,7.16,Bueno,interpolacion_delaunay,0,1092,33,384,28
2026-10-05T00:09:46.474894+00:00,1902600012135,31.22,Aceptable,37.54,Bueno,interpolacion_delaunay,0,1356,47,414,29
2026-10-05T00:09:46.474894+00:00,1902600012544,18.25,Aceptable,20.08,Bueno,interpolacion_delaunay,0,2171,187,206,83
2026-10-05T00:09:46.474894+00:00,1902600010069,14.4,Bueno,15.77,Bueno,interpolacion_delaunay,0,1920,94,579,107
2026-10-05T00:09:46.474894+00:00,1902600010073,14.09,Bueno,15.41,Bueno,interpolacion_delaunay,0,3137,159,955,77
2026-10-05T00:09:46.474894+00:00,1902600010088,13.2,Bueno,14.42,Bueno,interpolacion_delaunay,0,2870,157,722,160
2026-10-05T00:09:46.474894+00:00,1902600010158,16.87,Aceptable,18.5,Bueno,interpolacion_delaunay,0,1517,70,502,83
2026-10-05T00:09:46.474894+00:00,190260001029A,108.51,Muy alta,139.04,Muy alta,interpolacion_delaunay,0,1809,94,461,133
2026-10-05T00:09:46.474894+00:00,1902600011885,14.57,Bueno,15.97,Bueno,interpolacion_delaunay,0,1944,100,497,103
2026-10-05T00:09:46.474894+00:00,1902600012192,14.22,Bueno,15.71,Bueno,interpolacion_delaunay,0,2742,217,241,94
2026-10-05T00:09:46.474894+00:00,1902600012243,28.8,Aceptable,34.4,Bueno,interpolacion_delaunay,0,316,37,21,22
2026-10-05T00:09:46.474894+00:00,1902600012421,12.53,Bueno,13.7,Bueno,interpolacion_delaunay,0,2385,134,120,49
2026-10-05T00:09:46.474894+00:00,1902600012597,14.12,Bueno,15.35,Bueno,interpolacion_delaunay,0,3539,244,126,97
2026-10-05T00:09:46.474894+00:00,1902600011029,11.86,Bueno,12.92,Bueno,interpolacion_delaunay,0,1109,94,97,45
2026-10-05T00:09:46.474894+00:00,190260001189A,15.26,Aceptable,16.73,Bueno,interpolacion_delaunay,0,2117,131,543,112
2026-10-05T00:09:46.474894+00:00,1902600012703,158.41,Extremadamente mala,205.1,Muy alta,interpolacion_delaunay,0,632,49,33,14
2026-10-05T00:09:46.474894+00:00,1902600011372,16.52,Aceptable,18.18,Bueno,interpolacion_delaunay,0,2451,168,520,192
2026-10-05T00:09:46.474894+00:00,1902600012366,13.73,Bueno,15.09,Bueno,interpolacion_delaunay,0,350,28,12,6
2026-10-05T00:09:46.474894+00:00,1902600010321,45.45,Mala,56.14,Aceptable,interpolacion_delaunay,0,5159,259,1483,335
2026-10-05T00:09:46.474894+00:00,1902600010336,42.06,Mala,51.7,Aceptable,interpolacion_delaunay,0,3112,150,945,118
2026-10-05T00:09:46.474894+00:00,1902600010340,21.79,Aceptable,25.04,Bueno,interpolacion_delaunay,0,5009,289,1452,316
2026-10-05T00:09:46.474894+00:00,1902600010355,15.55,Aceptable,16.94,Bueno,interpolacion_delaunay,0,2172,143,527,123
2026-10-05T00:09:46.474894+00:00,1902600010389,15.25,Aceptable,16.55,Bueno,interpolacion_delaunay,0,3485,223,809,188
2026-10-05T00:09:46.474894+00:00,1902600010393,14.56,Bueno,15.78,Bueno,interpolacion_delaunay,0,4293,274,932,186
2026-10-05T00:09:46.474894+00:00,1902600010618,165.14,Extremadamente mala,213.8,Extremadamente mala,interpolacion_delaunay,0,3420,248,733,217
2026-10-05T00:09:46.474894+00:00,1902600010730,15.86,Aceptable,16.55,Bueno,interpolacion_delaunay,0,4610,359,992,364
2026-10-05T00:09:46.474894+00:00,1902600011033,12.93,Bueno,14.0,Bueno,interpolacion_delaunay,0,5199,444,572,162
2026-10-05T00:09:46.474894+00:00,1902600011122,16.74,Aceptable,18.23,Bueno,interpolacion_delaunay,0,6940,637,766,300
2026-10-05T00:09:46.474894+00:00,1902600011546,228.99,Extremadamente mala,297.75,Extremadamente mala,interpolacion_delaunay,0,3715,209,870,202
2026-10-05T00:09:46.474894+00:00,1902600011461,152.52,Extremadamente mala,197.27,Muy alta,interpolacion_delaunay,0,3227,233,684,198
2026-10-05T00:09:46.474894+00:00,190260001132A,15.69,Aceptable,17.13,Bueno,interpolacion_delaunay,0,2713,152,488,78
2026-10-05T00:09:46.474894+00:00,1902600011334,12.85,Bueno,13.84,Bueno,interpolacion_delaunay,0,3525,289,683,240
2026-10-05T00:09:46.474894+00:00,1902600011349,13.11,Bueno,14.13,Bueno,interpolacion_delaunay,0,2716,239,484,222
2026-10-05T00:09:46.474894+00:00,1902600011368,15.4,Aceptable,16.75,Bueno,interpolacion_delaunay,0,3348,226,652,119
2026-10-05T00:09:46.474894+00:00,1902600011419,114.86,Muy alta,147.48,Muy alta,interpolacion_delaunay,0,2833,144,728,158
2026-10-05T00:09:46.474894+00:00,1902600011442,176.34,Extremadamente mala,228.56,Extremadamente mala,interpolacion_delaunay,0,3169,182,598,174
2026-10-05T00:09:46.474894+00:00,1902600011565,237.27,Extremadamente mala,308.69,Extremadamente mala,interpolacion_delaunay,0,4076,290,816,263
2026-10-05T00:09:46.474894+00:00,1902600011584,163.31,Extremadamente mala,211.1,Muy alta,interpolacion_delaunay,0,4255,317,895,221
2026-10-05T00:09:46.474894+00:00,1902600011599,127.46,Muy alta,163.9,Muy alta,interpolacion_delaunay,0,2923,228,572,152
2026-10-05T00:09:46.474894+00:00,1902600011601,15.9,Aceptable,16.5,Bueno,promedio_sensores,1,3474,261,775,299
2026-10-05T00:09:46.474894+00:00,1902600011688,16.29,Aceptable,17.2,Bueno,interpolacion_delaunay,0,3727,240,688,249
2026-10-05T00:09:46.474894+00:00,190260001171A,50.89,Mala,62.74,Mala,interpolacion_delaunay,0,4383,321,770,213
2026-10-05T00:09:46.474894+00:00,1902600012008,6.97,Bueno,7.52,Bueno,interpolacion_delaunay,0,1064,52,278,35
2026-10-05T00:09:46.474894+00:00,1902600011781,253.79,Extremadamente mala,330.71,Extremadamente mala,interpolacion_delaunay,0,260,22,25,0
2026-10-05T00:09:46.474894+00:00,1902600011989,211.64,Extremadamente mala,274.94,Extremadamente mala,interpolacion_delaunay,0,3336,217,653,151
2026-10-05T00:09:46.474894+00:00,1902600012027,16.7,Aceptable,17.76,Bueno,interpolacion_delaunay,0,5601,339,676,195
2026-10-05T00:09:46.474894+00:00,1902600012116,120.84,Muy alta,155.28,Muy alta,interpolacion_delaunay,0,2265,174,319,64
2026-10-05T00:09:46.474894+00:00,1902600012328,14.01,Bueno,15.36,Bueno,interpolacion_delaunay,0,2737,200,173,54
2026-10-05T00:09:46.474894+00:00,1902600012510,17.24,Aceptable,18.7,Bueno,interpolacion_delaunay,0,3466,257,269,90
2026-10-05T00:09:46.474894+00:00,1902600012578,87.93,Muy alta,111.64,Mala,interpolacion_delaunay,0,2465,185,298,196
2026-10-05T00:09:46.474894+00:00,1902600012582,107.93,Muy alta,138.01,Muy alta,interpolacion_delaunay,0,2739,201,423,283
2026-10-05T00:09:46.474894+00:00,1902600012614,14.69,Bueno,16.12,Bueno,interpolacion_delaunay,0,3024,272,68,36
2026-10-05T00:09:46.474894+00:00,1902600010177,15.72,Aceptable,17.21,Bueno,interpolacion_delaunay,0,1769,60,559,90
2026-10-05T00:09:46.474894+00:00,1902600010444,76.76,Mala,98.32,Mala,interpolacion_delaunay,0,2474,121,665,111
2026-10-05T00:09:46.474894+00:00,1902600011531,215.63,Extremadamente mala,280.15,Extremadamente mala,interpolacion_delaunay,0,3594,235,816,160
2026-10-05T00:09:46.474894+00:00,1902600010232,13.52,Bueno,14.65,Bueno,interpolacion_delaunay,0,2521,162,744,110
2026-10-05T00:09:46.474894+00:00,1902600010196,15.39,Aceptable,16.83,Bueno,interpolacion_delaunay,0,1557,66,485,73
2026-10-05T00:09:46.474894+00:00,1902600010213,13.66,Bueno,14.85,Bueno,interpolacion_delaunay,0,2063,114,530,142
2026-10-05T00:09:46.474894+00:00,190260001011A,12.19,Bueno,13.23,Bueno,interpolacion_delaunay,0,3115,155,816,154
2026-10-05T00:09:46.474894+00:00,1902600010162,16.12,Aceptable,17.66,Bueno,interpolacion_delaunay,0,1624,64,473,65
2026-10-05T00:09:46.474894+00:00,1902600010181,25.64,Aceptable,30.01,Bueno,interpolacion_delaunay,0,1561,63,499,94
2026-10-05T00:09:46.474894+00:00,1902600010228,14.49,Bueno,15.75,Bueno,interpolacion_delaunay,0,1619,140,316,120
2026-10-05T00:09:46.474894+00:00,1902600010603,163.13,Extremadamente mala,211.13,Muy alta,interpolacion_delaunay,0,1632,93,346,132
2026-10-05T00:09:46.474894+00:00,1902600010745,16.07,Aceptable,16.87,Bueno,interpolacion_delaunay,0,1565,113,330,126
2026-10-05T00:09:46.474894+00:00,1902600010798,278.52,Extremadamente mala,362.97,Extremadamente mala,interpolacion_delaunay,0,3364,210,732,231
2026-10-05T00:09:46.474894+00:00,1902600010815,212.23,Extremadamente mala,275.5,Extremadamente mala,interpolacion_delaunay,0,4739,363,1000,268
2026-10-05T00:09:46.474894+00:00,1902600011438,10.31,Bueno,11.23,Bueno,interpolacion_delaunay,0,1771,89,459,85
2026-10-05T00:09:46.474894+00:00,1902600011476,163.52,Extremadamente mala,211.62,Muy alta,interpolacion_delaunay,0,3270,215,839,209
2026-10-05T00:09:46.474894+00:00,1902600011777,297.36,Extremadamente mala,387.74,Extremadamente mala,interpolacion_delaunay,0,3599,312,366,80
2026-10-05T00:09:46.474894+00:00,1902600012031,17.05,Aceptable,18.28,Bueno,interpolacion_delaunay,0,4385,273,421,152
2026-10-05T00:09:46.474894+00:00,1902600012173,182.89,Extremadamente mala,238.59,Extremadamente mala,interpolacion_delaunay,0,108,5,10,3
2026-10-05T00:09:46.474894+00:00,1902600012474,12.15,Bueno,13.26,Bueno,interpolacion_delaunay,0,3828,248,138,120
2026-10-05T00:09:46.474894+00:00,190260001253A,17.39,Aceptable,19.11,Bueno,interpolacion_delaunay,0,1418,134,74,37
2026-10-05T00:09:46.474894+00:00,1902600012648,15.56,Aceptable,16.43,Bueno,interpolacion_delaunay,0,1998,125,415,138
2026-10-05T00:09:46.474894+00:00,1902600012794,28.16,Aceptable,33.7,Bueno,interpolacion_delaunay,0,776,83,32,8
2026-10-05T00:09:46.474894+00:00,1902600012775,14.43,Bueno,15.62,Bueno,interpolacion_delaunay,0,1381,194,42,36
2026-10-05T00:09:46.474894+00:00,1902600012898,2.99,Bueno,3.12,Bueno,interpolacion_delaunay,0,21,3,0,0
2026-10-05T00:09:46.474894+00:00,1902600010849,83.0,Muy alta,105.79,Mala,interpolacion_delaunay,0,1926,132,278,87
2026-10-05T00:09:46.474894+00:00,1902600012262,12.25,Bueno,13.23,Bueno,interpolacion_delaunay,0,2668,227,217,83
2026-10-05T00:09:46.474894+00:00,1902600010266,12.63,Bueno,13.64,Bueno,interpolacion_delaunay,0,427,58,19,0
2026-10-05T00:09:46.474894+00:00,1902600010779,186.8,Extremadamente mala,243.4,Extremadamente mala,interpolacion_delaunay,0,677,45,131,66
2026-10-05T00:09:46.474894+00:00,1902600010872,5.57,Bueno,5.69,Bueno,interpolacion_delaunay,0,3088,114,989,72
2026-10-05T00:09:46.474894+00:00,1902600011902,12.76,Bueno,13.81,Bueno,interpolacion_delaunay,0,2434,191,435,71
2026-10-05T00:09:46.474894+00:00,1902600011993,253.61,Extremadamente mala,330.18,Extremadamente mala,interpolacion_delaunay,0,3528,203,521,147
2026-10-05T00:09:46.474894+00:00,1902600012012,6.99,Bueno,7.55,Bueno,interpolacion_delaunay,0,2227,119,600,34
2026-10-05T00:09:46.474894+00:00,1902600012084,4.46,Bueno,4.88,Bueno,interpolacion_delaunay,0,1461,49,516,49
2026-10-05T00:09:46.474894+00:00,1902600012188,2.23,Bueno,2.42,Bueno,interpolacion_delaunay,0,460,18,82,4
2026-10-05T00:09:46.474894+00:00,1902600012277,12.94,Bueno,13.99,Bueno,interpolacion_delaunay,0,3597,281,616,228
2026-10-05T00:09:46.474894+00:00,190260001246A,11.58,Bueno,12.67,Bueno,interpolacion_delaunay,0,4546,358,308,145
2026-10-05T00:09:46.474894+00:00,1902600012559,148.71,Extremadamente mala,191.75,Muy alta,interpolacion_delaunay,0,4248,285,324,114
2026-10-05T00:09:46.474894+00:00,1902600012652,21.84,Aceptable,25.4,Bueno,interpolacion_delaunay,0,3158,323,113,122
2026-10-05T00:09:46.474894+00:00,1902600012671,13.98,Bueno,14.96,Bueno,interpolacion_delaunay,0,1647,122,65,34
2026-10-05T00:09:46.474894+00:00,1902600012718,28.8,Aceptable,34.56,Bueno,interpolacion_delaunay,0,2829,290,123,131
2026-10-05T00:09:46.474894+00:00,1902600012741,288.67,Extremadamente mala,376.33,Extremadamente mala,interpolacion_delaunay,0,1897,119,345,52
2026-10-05T00:09:46.474894+00:00,1902600012879,13.7,Bueno,14.7,Bueno,promedio_sensores,1,2144,300,65,16
2026-10-05T00:09:46.474894+00:00,1902600010285,23.85,Aceptable,28.62,Bueno,interpolacion_delaunay,0,2844,174,613,185
2026-10-05T00:09:46.474894+00:00,1902600012690,140.98,Extremadamente mala,182.35,Muy alta,interpolacion_delaunay,0,79,0,3,0
2026-10-05T00:09:46.474894+00:00,1902600012099,193.14,Extremadamente mala,250.82,Extremadamente mala,interpolacion_delaunay,0,5241,599,554,189
2026-10-05T00:09:46.474894+00:00,1902600011936,13.05,Bueno,14.1,Bueno,interpolacion_delaunay,0,2951,267,407,119
2026-10-05T00:09:46.474894+00:00,1902600012169,52.27,Mala,68.03,Mala,interpolacion_delaunay,0,1023,50,158,14
2026-10-05T00:09:46.474894+00:00,190260001118A,141.12,Extremadamente mala,183.7,Muy alta,interpolacion_delaunay,0,3453,227,320,71
2026-10-05T00:09:46.474894+00:00,1902600012050,157.98,Extremadamente mala,203.97,Muy alta,interpolacion_delaunay,0,4134,320,745,263
2026-10-05T00:09:46.474894+00:00,1902600012101,149.68,Extremadamente mala,193.55,Muy alta,interpolacion_delaunay,0,3626,381,484,119
2026-10-05T00:09:46.474894+00:00,1902600012563,124.0,Muy alta,159.73,Muy alta,interpolacion_delaunay,0,2676,291,133,25
2026-10-05T00:09:46.474894+00:00,190260001278A,11.18,Bueno,12.1,Bueno,interpolacion_delaunay,0,3558,402,98,36
2026-10-05T00:09:46.474894+00:00,1902600011921,12.63,Bueno,13.67,Bueno,interpolacion_delaunay,0,2594,223,377,76
2026-10-05T00:09:46.474894+00:00,1902600010092,12.51,Bueno,13.63,Bueno,interpolacion_delaunay,0,4183,262,1039,106
2026-10-05T00:09:46.474894+00:00,1902600011300,12.1,Bueno,13.12,Bueno,interpolacion_delaunay,0,2915,163,792,188
2026-10-05T00:09:46.474894+00:00,1902600010143,12.48,Bueno,13.55,Bueno,interpolacion_delaunay,0,2245,273,113,55
2026-10-05T00:09:46.474894+00:00,1902600011870,12.51,Bueno,13.6,Bueno,interpolacion_delaunay,0,3271,173,768,82
2026-10-05T00:09:46.474894+00:00,1902600011315,14.13,Bueno,15.41,Bueno,interpolacion_delaunay,0,3497,230,464,42
2026-10-05T00:09:46.474894+00:00,1902600011014,12.1,Bueno,13.19,Bueno,interpolacion_delaunay,0,2155,150,459,98
2026-10-05T00:09:46.474894+00:00,1902600011616,15.78,Aceptable,16.75,Bueno,interpolacion_delaunay,0,3883,311,769,201
2026-10-05T00:09:46.474894+00:00,1902600011620,15.9,Aceptable,16.96,Bueno,interpolacion_delaunay,0,4814,356,1024,301
2026-10-05T00:09:46.474894+00:00,1902600011480,15.27,Aceptable,16.29,Bueno,interpolacion_delaunay,0,4784,390,737,223
2026-10-05T00:09:46.474894+00:00,1902600010641,100.2,Muy alta,128.23,Mala,interpolacion_delaunay,0,2917,240,627,202
2026-10-05T00:09:46.474894+00:00,1902600012633,15.25,Aceptable,15.99,Bueno,interpolacion_delaunay,0,2429,188,313,91
2026-10-05T00:09:46.474894+00:00,190260001164A,16.19,Aceptable,17.46,Bueno,interpolacion_delaunay,0,2101,168,367,57
2026-10-05T00:09:46.474894+00:00,1902600011635,16.3,Aceptable,17.5,Bueno,interpolacion_delaunay,0,4695,347,639,204
2026-10-05T00:09:46.474894+00:00,1902600010961,11.62,Bueno,12.74,Bueno,interpolacion_delaunay,0,1353,81,150,34
2026-10-05T00:09:46.474894+00:00,1902600011226,257.1,Extremadamente mala,334.79,Extremadamente mala,interpolacion_delaunay,0,4831,444,615,226
2026-10-05T00:09:46.474894+00:00,1902600012807,313.69,Extremadamente mala,409.36,Extremadamente mala,interpolacion_delaunay,0,51,0,0,0
2026-10-05T00:09:46.474894+00:00,1902600012737,312.58,Extremadamente mala,407.88,Extremadamente mala,interpolacion_delaunay,0,153,17,4,4
2026-10-05T00:09:46.474894+00:00,1902600012046,219.99,Extremadamente mala,285.71,Extremadamente mala,interpolacion_delaunay,0,5116,376,649,199
2026-10-05T00:09:46.474894+00:00,1902600012756,323.6,Extremadamente mala,422.3,Extremadamente mala,promedio_sensores,1,2572,282,124,24
2026-10-05T00:09:46.474894+00:00,1902600010783,269.04,Extremadamente mala,350.92,Extremadamente mala,interpolacion_delaunay,0,1477,145,264,42
2026-10-05T00:09:46.474894+00:00,1902600011230,244.8,Extremadamente mala,318.55,Extremadamente mala,interpolacion_delaunay,0,3324,362,242,132
2026-10-05T00:09:46.474894+00:00,1902600011758,0.1,Bueno,0.1,Bueno,promedio_sensores,1,2105,92,408,43
2026-10-05T00:09:46.474894+00:00,1902600011141,17.48,Aceptable,19.43,Bueno,interpolacion_delaunay,0,9036,1161,432,363
2026-10-05T00:09:46.474894+00:00,1902600011743,65.54,Mala,82.5,Mala,interpolacion_delaunay,0,7461,709,958,323
2026-10-05T00:09:46.474894+00:00,1902600012629,47.43,Mala,59.07,Aceptable,interpolacion_delaunay,0,1943,149,74,66
2026-10-05T00:09:46.474894+00:00,1902600011762,307.38,Extremadamente mala,400.96,Extremadamente mala,interpolacion_delaunay,0,2427,183,512,77
2026-10-05T00:09:46.474894+00:00,1902600011194,235.43,Extremadamente mala,306.92,Extremadamente mala,interpolacion_delaunay,0,4669,300,960,201
2026-10-05T00:09:46.474894+00:00,1902600011052,11.55,Bueno,12.5,Bueno,interpolacion_delaunay,0,7318,799,917,451
2026-10-05T00:09:46.474894+00:00,1902600012722,11.83,Bueno,12.88,Bueno,interpolacion_delaunay,0,1673,182,35,23
2026-10-05T00:09:46.474894+00:00,1902600010209,11.03,Bueno,12.08,Bueno,interpolacion_delaunay,0,0,0,0,0
2026-10-05T00:09:46.474894+00:00,1902600012883,11.37,Bueno,12.52,Bueno,interpolacion_delaunay,0,2693,391,65,39
2026-10-05T00:09:46.474894+00:00,1902600011512,15.99,Aceptable,17.54,Bueno,interpolacion_delaunay,0,1411,83,448,118
2026-10-05T00:09:46.474894+00:00,1902600011527,13.84,Bueno,14.95,Bueno,interpolacion_delaunay,0,2114,99,718,127
2026-10-05T00:09:46.474894+00:00,1902600010853,13.12,Bueno,14.48,Bueno,interpolacion_delaunay,0,4562,382,755,151
2026-10-05T00:09:46.474894+00:00,1902600011160,13.2,Bueno,14.2,Bueno,promedio_sensores,1,3568,186,796,79
2026-10-05T00:09:46.474894+00:00,1902600011423,118.79,Muy alta,152.68,Muy alta,interpolacion_delaunay,0,2358,121,643,149
2026-10-05T00:09:46.474894+00:00,1902600011118,188.57,Extremadamente mala,244.78,Extremadamente mala,interpolacion_delaunay,0,0,0,0,0
2026-10-05T00:09:46.474894+00:00,1902600010552,174.79,Extremadamente mala,226.32,Extremadamente mala,interpolacion_delaunay,0,1358,197,299,91
2026-10-05T00:09:46.474894+00:00,1902600010567,191.83,Extremadamente mala,248.82,Extremadamente mala,interpolacion_delaunay,0,3469,239,807,212
2026-10-05T00:09:46.474894+00:00,1902600010478,83.78,Muy alta,106.63,Mala,interpolacion_delaunay,0,3451,258,686,179
2026-10-05T00:09:46.474894+00:00,1902600012493,149.78,Extremadamente mala,193.51,Muy alta,interpolacion_delaunay,0,3047,231,451,139
2026-10-05T00:09:46.474894+00:00,1902600012506,154.97,Extremadamente mala,200.31,Muy alta,interpolacion_delaunay,0,1875,122,448,96
2026-10-05T00:09:46.474894+00:00,1902600011387,70.78,Mala,89.62,Mala,interpolacion_delaunay,0,4018,279,697,181
2026-10-05T00:09:46.474894+00:00,1902600010482,76.31,Mala,96.85,Mala,interpolacion_delaunay,0,4004,197,1191,226
2026-10-05T00:09:46.474894+00:00,1902600010586,150.02,Extremadamente mala,193.85,Muy alta,interpolacion_delaunay,0,4983,369,1196,317
2026-10-05T00:09:46.474894+00:00,1902600010590,148.42,Extremadamente mala,191.76,Muy alta,interpolacion_delaunay,0,3794,290,817,254
2026-10-05T00:09:46.474894+00:00,1902600011940,42.01,Mala,51.82,Aceptable,interpolacion_delaunay,0,3450,256,773,184
2026-10-05T00:09:46.474894+00:00,1902600012224,99.79,Muy alta,127.79,Mala,interpolacion_delaunay,0,1986,122,533,118
2026-10-05T00:09:46.474894+00:00,1902600012239,100.17,Muy alta,128.34,Mala,interpolacion_delaunay,0,2664,206,487,219
2026-10-05T00:09:46.474894+00:00,1902600010548,25.52,Aceptable,32.21,Bueno,interpolacion_delaunay,0,4149,203,1177,258
2026-10-05T00:09:46.474894+00:00,1902600012489,12.74,Bueno,13.87,Bueno,interpolacion_delaunay,0,2798,203,290,77
2026-10-05T00:09:46.474894+00:00,1902600011353,15.69,Aceptable,17.08,Bueno,interpolacion_delaunay,0,1952,125,417,157
2026-10-05T00:09:46.474894+00:00,1902600012760,13.33,Bueno,14.35,Bueno,interpolacion_delaunay,0,3619,397,120,87
2026-10-05T00:09:46.474894+00:00,1902600011264,12.05,Bueno,13.04,Bueno,interpolacion_delaunay,0,1708,151,158,100
2026-10-05T00:09:46.474894+00:00,190260001285A,13.06,Bueno,14.05,Bueno,interpolacion_delaunay,0,1850,298,50,26
2026-10-05T00:09:46.474894+00:00,1902600010270,13.28,Bueno,14.7,Bueno,interpolacion_delaunay,0,0,0,0,0
2026-10-05T00:09:46.474894+00:00,1902600010406,14.45,Bueno,15.63,Bueno,interpolacion_delaunay,0,2889,225,550,115
2026-10-05T00:09:46.474894+00:00,1902600011067,13.65,Bueno,14.71,Bueno,interpolacion_delaunay,0,4252,360,451,270
2026-10-05T00:09:46.474894+00:00,1902600011086,15.43,Aceptable,16.97,Bueno,interpolacion_delaunay,0,3224,245,126,84
2026-10-05T00:09:46.474894+00:00,1902600012313,16.66,Aceptable,18.79,Bueno,interpolacion_delaunay,0,2567,202,407,174
2026-10-05T00:09:46.474894+00:00,1902600012309,16.68,Aceptable,18.62,Bueno,interpolacion_delaunay,0,2125,241,150,88
2026-10-05T00:09:46.474894+00:00,1902600011809,13.61,Bueno,14.64,Bueno,interpolacion_delaunay,0,2127,251,117,120
2026-10-05T00:09:46.474894+00:00,1902600012864,53.75,Mala,67.37,Mala,interpolacion_delaunay,0,1168,168,40,16
2026-10-05T00:09:46.474894+00:00,190260001125A,41.48,Mala,51.3,Aceptable,interpolacion_delaunay,0,541,13,170,22
2026-10-05T00:09:46.474894+00:00,1902600011071,14.93,Bueno,16.68,Bueno,interpolacion_delaunay,0,3143,264,264,89
2026-10-05T00:09:46.474894+00:00,190260001196A,14.53,Bueno,16.34,Bueno,interpolacion_delaunay,0,3349,324,262,100
2026-10-05T00:09:46.474894+00:00,1902600011955,30.17,Aceptable,36.29,Bueno,interpolacion_delaunay,0,3582,349,216,97
2026-10-05T00:09:46.474894+00:00,190260001050A,90.87,Muy alta,116.15,Mala,interpolacion_delaunay,0,2022,217,309,73
2026-10-05T00:09:46.474894+00:00,1903900012400,135.4,Extremadamente mala,171.6,Muy alta,promedio_sensores,1,4517,429,723,304
2026-10-05T00:09:46.474894+00:00,1903900014657,9.16,Bueno,9.99,Bueno,interpolacion_delaunay,0,2491,234,438,138
2026-10-05T00:09:46.474894+00:00,1903900013682,9.82,Bueno,10.66,Bueno,interpolacion_delaunay,0,4499,398,653,181
2026-10-05T00:09:46.474894+00:00,1903900010832,10.0,Bueno,11.16,Bueno,interpolacion_delaunay,0,543,31,158,26
2026-10-05T00:09:46.474894+00:00,1903900011120,15.45,Aceptable,16.97,Bueno,interpolacion_delaunay,0,2607,94,831,149
2026-10-05T00:09:46.474894+00:00,1903900012129,5.17,Bueno,5.55,Bueno,interpolacion_delaunay,0,4074,318,790,255
2026-10-05T00:09:46.474894+00:00,190390001363A,9.16,Bueno,10.05,Bueno,interpolacion_delaunay,0,3850,324,618,201
2026-10-05T00:09:46.474894+00:00,1903900014163,6.79,Bueno,7.38,Bueno,interpolacion_delaunay,0,3563,376,476,178
2026-10-05T00:09:46.474894+00:00,1903900014642,9.19,Bueno,9.95,Bueno,interpolacion_delaunay,0,2137,227,313,125
2026-10-05T00:09:46.474894+00:00,1903900013589,18.82,Aceptable,21.65,Bueno,interpolacion_delaunay,0,1971,102,595,95
2026-10-05T00:09:46.474894+00:00,1903900011370,16.81,Aceptable,18.46,Bueno,interpolacion_delaunay,0,1287,71,218,39
2026-10-05T00:09:46.474894+00:00,1903900012114,10.0,Bueno,11.79,Bueno,interpolacion_delaunay,0,2387,84,816,136
2026-10-05T00:09:46.474894+00:00,1903900012203,3.6,Bueno,4.0,Bueno,promedio_sensores,1,2974,126,1034,191
2026-10-05T00:09:46.474894+00:00,1903900013574,17.42,Aceptable,19.85,Bueno,interpolacion_delaunay,0,832,37,276,93
2026-10-05T00:09:46.474894+00:00,1903900012792,2.39,Bueno,2.47,Bueno,interpolacion_delaunay,0,1,0,0,0
2026-10-05T00:09:46.474894+00:00,190390001445A,13.8,Bueno,15.78,Bueno,interpolacion_delaunay,0,5563,304,1118,197
2026-10-05T00:09:46.474894+00:00,1903900014638,8.94,Bueno,9.62,Bueno,interpolacion_delaunay,0,3811,381,571,142
2026-10-05T00:09:46.474894+00:00,1903900012063,8.4,Bueno,9.42,Bueno,interpolacion_delaunay,0,2407,98,743,119
2026-10-05T00:09:46.474894+00:00,1903900011690,11.5,Bueno,12.21,Bueno,interpolacion_delaunay,0,228,12,56,11
2026-10-05T00:09:46.474894+00:00,1903900011760,9.73,Bueno,10.4,Bueno,interpolacion_delaunay,0,1986,129,443,117
2026-10-05T00:09:46.474894+00:00,1903900011934,11.27,Bueno,12.2,Bueno,promedio_sensores,3,2171,83,550,105
2026-10-05T00:09:46.474894+00:00,190390001192A,9.91,Bueno,10.67,Bueno,interpolacion_delaunay,0,2553,117,796,121
2026-10-05T00:09:46.474894+00:00,1903900012044,8.51,Bueno,9.48,Bueno,interpolacion_delaunay,0,1920,122,427,109
2026-10-05T00:09:46.474894+00:00,1903900012078,7.82,Bueno,8.78,Bueno,interpolacion_delaunay,0,2179,136,538,60
2026-10-05T00:09:46.474894+00:00,1903900011525,8.78,Bueno,9.68,Bueno,interpolacion_delaunay,0,590,39,143,33
2026-10-05T00:09:46.474894+00:00,1903900011991,8.5,Bueno,9.5,Bueno,promedio_sensores,1,3236,192,703,201
2026-10-05T00:09:46.474894+00:00,1903900012006,8.06,Bueno,8.76,Bueno,interpolacion_delaunay,0,1972,70,504,136
2026-10-05T00:09:46.474894+00:00,1903900010673,11.68,Bueno,12.68,Bueno,interpolacion_delaunay,0,2155,174,396,142
2026-10-05T00:09:46.474894+00:00,1903900010298,37.97,Mala,47.01,Aceptable,interpolacion_delaunay,0,3499,233,739,152
2026-10-05T00:09:46.474894+00:00,1903900010404,34.67,Mala,42.79,Bueno,interpolacion_delaunay,0,2835,189,560,150
2026-10-05T00:09:46.474894+00:00,1903900011012,9.7,Bueno,10.77,Bueno,interpolacion_delaunay,0,1216,101,235,35
2026-10-05T00:09:46.474894+00:00,1903900011065,13.37,Bueno,14.76,Bueno,interpolacion_delaunay,0,1981,192,428,144
2026-10-05T00:09:46.474894+00:00,1903900010175,65.22,Mala,81.86,Mala,interpolacion_delaunay,0,1294,70,318,45
2026-10-05T00:09:46.474894+00:00,190390001018A,67.6,Mala,84.9,Mala,interpolacion_delaunay,0,3618,299,750,219
2026-10-05T00:09:46.474894+00:00,1903900010194,59.56,Mala,74.62,Mala,interpolacion_delaunay,0,2850,223,604,173
2026-10-05T00:09:46.474894+00:00,1903900010226,40.02,Mala,49.61,Aceptable,interpolacion_delaunay,0,4934,461,799,274
2026-10-05T00:09:46.474894+00:00,1903900014229,6.43,Bueno,6.84,Bueno,interpolacion_delaunay,0,2852,249,505,184
2026-10-05T00:09:46.474894+00:00,1903900010353,43.63,Mala,54.86,Aceptable,interpolacion_delaunay,0,3313,167,981,325
2026-10-05T00:09:46.474894+00:00,1903900010936,12.24,Bueno,13.01,Bueno,interpolacion_delaunay,0,2121,128,459,101
2026-10-05T00:09:46.474894+00:00,1903900011173,9.3,Bueno,10.2,Bueno,promedio_sensores,1,2108,71,659,126
2026-10-05T00:09:46.474894+00:00,1903900011188,11.88,Bueno,12.71,Bueno,interpolacion_delaunay,0,3322,231,794,185
2026-10-05T00:09:46.474894+00:00,1903900011224,10.75,Bueno,11.58,Bueno,interpolacion_delaunay,0,3487,327,636,198
2026-10-05T00:09:46.474894+00:00,1903900011328,17.07,Aceptable,19.17,Bueno,interpolacion_delaunay,0,1300,73,364,78
2026-10-05T00:09:46.474894+00:00,1903900011332,14.61,Bueno,16.11,Bueno,interpolacion_delaunay,0,2976,208,686,165
2026-10-05T00:09:46.474894+00:00,1903900011493,5.4,Bueno,6.2,Bueno,promedio_sensores,1,498,32,117,21
2026-10-05T00:09:46.474894+00:00,1903900011506,6.85,Bueno,7.7,Bueno,interpolacion_delaunay,0,218,10,60,5
2026-10-05T00:09:46.474894+00:00,1903900011510,7.01,Bueno,7.91,Bueno,interpolacion_delaunay,0,370,18,99,43
2026-10-05T00:09:46.474894+00:00,1903900011563,10.62,Bueno,11.55,Bueno,interpolacion_delaunay,0,1016,57,324,41
2026-10-05T00:09:46.474894+00:00,1903900011652,4.47,Bueno,5.47,Bueno,interpolacion_delaunay,0,1408,46,412,99
2026-10-05T00:09:46.474894+00:00,1903900011667,12.19,Bueno,13.27,Bueno,interpolacion_delaunay,0,811,38,222,38
2026-10-05T00:09:46.474894+00:00,1903900011671,11.43,Bueno,12.44,Bueno,interpolacion_delaunay,0,2135,120,546,122
2026-10-05T00:09:46.474894+00:00,1903900011775,15.11,Aceptable,16.77,Bueno,interpolacion_delaunay,0,3247,195,753,173
2026-10-05T00:09:46.474894+00:00,190390001178A,19.71,Aceptable,21.79,Bueno,interpolacion_delaunay,0,2085,91,638,124
2026-10-05T00:09:46.474894+00:00,1903900011811,18.03,Aceptable,20.12,Bueno,interpolacion_delaunay,0,3726,195,960,140
2026-10-05T00:09:46.474894+00:00,190390001210A,15.5,Aceptable,19.0,Bueno,promedio_sensores,1,2790,113,700,150
2026-10-05T00:09:46.474894+00:00,1903900012186,7.15,Bueno,7.86,Bueno,interpolacion_delaunay,0,4169,44,257,49
2026-10-05T00:09:46.474894+00:00,1903900011559,12.1,Bueno,12.8,Bueno,promedio_sensores,1,854,32,232,42
2026-10-05T00:09:46.474894+00:00,1903900013428,51.53,Mala,64.35,Mala,interpolacion_delaunay,0,3351,320,515,172
2026-10-05T00:09:46.474894+00:00,1903900014214,7.6,Bueno,8.05,Bueno,interpolacion_delaunay,0,4120,374,689,171
2026-10-05T00:09:46.474894+00:00,1903900014712,8.62,Bueno,9.4,Bueno,interpolacion_delaunay,0,3085,299,499,125
2026-10-05T00:09:46.474894+00:00,1903900014727,7.97,Bueno,8.59,Bueno,interpolacion_delaunay,0,2574,237,418,75
2026-10-05T00:09:46.474894+00:00,1903900011544,9.31,Bueno,10.07,Bueno,interpolacion_delaunay,0,484,17,104,17
2026-10-05T00:09:46.474894+00:00,1903900011347,17.9,Aceptable,19.7,Bueno,promedio_sensores,1,3767,228,949,230
2026-10-05T00:09:46.474894+00:00,1903900011101,16.46,Aceptable,18.12,Bueno,interpolacion_delaunay,0,2340,171,499,101
2026-10-05T00:09:46.474894+00:00,1903900010692,20.09,Aceptable,23.55,Bueno,interpolacion_delaunay,0,1264,56,294,43
2026-10-05T00:09:46.474894+00:00,190390001071A,7.5,Bueno,8.9,Bueno,promedio_sensores,1,2092,89,717,121
2026-10-05T00:09:46.474894+00:00,190390001153A,7.31,Bueno,8.08,Bueno,interpolacion_delaunay,0,283,20,33,8
2026-10-05T00:09:46.474894+00:00,1903900012222,9.28,Bueno,9.9,Bueno,interpolacion_delaunay,0,2481,214,440,130
2026-10-05T00:09:46.474894+00:00,1903900010048,98.97,Muy alta,125.01,Mala,interpolacion_delaunay,0,2757,231,541,184
2026-10-05T00:09:46.474894+00:00,1903900010160,62.97,Mala,79.0,Mala,interpolacion_delaunay,0,1233,55,334,97
2026-10-05T00:09:46.474894+00:00,1903900011915,9.23,Bueno,9.98,Bueno,interpolacion_delaunay,0,1171,52,296,69
2026-10-05T00:09:46.474894+00:00,1903900012824,1.05,Bueno,1.06,Bueno,interpolacion_delaunay,0,0,0,0,0
2026-10-05T00:09:46.474894+00:00,1903900010103,76.95,Mala,96.88,Mala,interpolacion_delaunay,0,2537,115,733,107
2026-10-05T00:09:46.474894+00:00,1903900010122,71.99,Mala,90.51,Mala,interpolacion_delaunay,0,3875,316,762,228
2026-10-05T00:09:46.474894+00:00,1903900010207,62.32,Mala,78.13,Mala,interpolacion_delaunay,0,2935,264,476,100
2026-10-05T00:09:46.474894+00:00,190390001089A,14.66,Bueno,15.98,Bueno,interpolacion_delaunay,0,2450,84,735,103
2026-10-05T00:09:46.474894+00:00,1903900010813,10.47,Bueno,11.7,Bueno,interpolacion_delaunay,0,1266,76,281,65
2026-10-05T00:09:46.474894+00:00,190390001096A,11.54,Bueno,12.42,Bueno,interpolacion_delaunay,0,735,52,175,36
2026-10-05T00:09:46.474894+00:00,190390001107A,13.71,Bueno,15.13,Bueno,interpolacion_delaunay,0,2056,191,358,98
2026-10-05T00:09:46.474894+00:00,1903900011099,16.07,Aceptable,17.7,Bueno,interpolacion_delaunay,0,1728,108,401,82
2026-10-05T00:09:46.474894+00:00,1903900011281,8.17,Bueno,9.09,Bueno,interpolacion_delaunay,0,162,9,42,10
2026-10-05T00:09:46.474894+00:00,190390001146A,11.05,Bueno,12.07,Bueno,interpolacion_delaunay,0,1878,94,425,114
2026-10-05T00:09:46.474894+00:00,1903900011474,12.71,Bueno,13.75,Bueno,interpolacion_delaunay,0,1482,65,348,91
2026-10-05T00:09:46.474894+00:00,1903900011648,6.26,Bueno,7.28,Bueno,interpolacion_delaunay,0,1275,46,383,92
2026-10-05T00:09:46.474894+00:00,1903900011953,8.49,Bueno,9.26,Bueno,interpolacion_delaunay,0,4331,383,782,275
2026-10-05T00:09:46.474894+00:00,1903900011968,8.41,Bueno,9.25,Bueno,interpolacion_delaunay,0,2452,198,521,139
2026-10-05T00:09:46.474894+00:00,1903900011972,8.93,Bueno,9.82,Bueno,interpolacion_delaunay,0,2152,173,501,93
2026-10-05T00:09:46.474894+00:00,1903900011987,9.12,Bueno,10.05,Bueno,interpolacion_delaunay,0,2330,153,564,186
2026-10-05T00:09:46.474894+00:00,1903900012010,8.37,Bueno,9.33,Bueno,promedio_sensores,3,377,6,32,6
2026-10-05T00:09:46.474894+00:00,1903900012025,13.66,Bueno,16.34,Bueno,interpolacion_delaunay,0,4868,169,1336,220
2026-10-05T00:09:46.474894+00:00,1903900012608,99.17,Muy alta,125.42,Mala,interpolacion_delaunay,0,3563,325,452,140
2026-10-05T00:09:46.474894+00:00,1903900012260,8.99,Bueno,9.45,Bueno,interpolacion_delaunay,0,2549,128,738,140
2026-10-05T00:09:46.474894+00:00,1903900012523,112.41,Muy alta,142.21,Muy alta,interpolacion_delaunay,0,5883,502,863,210
2026-10-05T00:09:46.474894+00:00,1903900012576,119.3,Muy alta,151.12,Muy alta,interpolacion_delaunay,0,3643,363,363,152
2026-10-05T00:09:46.474894+00:00,1903900012612,101.02,Muy alta,127.65,Mala,interpolacion_delaunay,0,3707,369,423,217
2026-10-05T00:09:46.474894+00:00,1903900013339,108.95,Muy alta,137.77,Muy alta,interpolacion_delaunay,0,3291,330,562,149
2026-10-05T00:09:46.474894+00:00,1903900013432,52.0,Mala,64.93,Mala,interpolacion_delaunay,0,3283,331,497,186
2026-10-05T00:09:46.474894+00:00,1903900013381,84.41,Muy alta,106.4,Mala,interpolacion_delaunay,0,3469,305,681,259
2026-10-05T00:09:46.474894+00:00,1903900013324,118.83,Muy alta,150.41,Muy alta,interpolacion_delaunay,0,2714,268,458,83
2026-10-05T00:09:46.474894+00:00,1903900014587,9.84,Bueno,10.88,Bueno,interpolacion_delaunay,0,1315,68,368,60
2026-10-05T00:09:46.474894+00:00,1903900014604,4.56,Bueno,4.75,Bueno,interpolacion_delaunay,0,2075,111,610,109
2026-10-05T00:09:46.474894+00:00,1903900014661,12.25,Bueno,13.7,Bueno,interpolacion_delaunay,0,2902,69,608,127
2026-10-05T00:09:46.474894+00:00,1903900014680,19.42,Aceptable,22.86,Bueno,interpolacion_delaunay,0,2293,96,745,94
2026-10-05T00:09:46.474894+00:00,1903900011239,11.13,Bueno,12.03,Bueno,interpolacion_delaunay,0,3332,293,662,233
2026-10-05T00:09:46.474894+00:00,1903900011489,14.2,Bueno,15.4,Bueno,promedio_sensores,1,1608,86,419,74
2026-10-05T00:09:46.474894+00:00,1903900010279,56.17,Mala,70.29,Mala,interpolacion_delaunay,0,2220,107,580,282
2026-10-05T00:09:46.474894+00:00,1903900010531,15.27,Aceptable,17.9,Bueno,interpolacion_delaunay,0,5417,419,1156,491
2026-10-05T00:09:46.474894+00:00,1903900010635,16.88,Aceptable,19.53,Bueno,interpolacion_delaunay,0,2264,78,723,158
2026-10-05T00:09:46.474894+00:00,1903900011686,10.22,Bueno,10.92,Bueno,interpolacion_delaunay,0,153,7,36,5
2026-10-05T00:09:46.474894+00:00,1903900011807,18.7,Aceptable,21.07,Bueno,interpolacion_delaunay,0,2430,99,765,107
2026-10-05T00:09:46.474894+00:00,1903900011830,6.2,Bueno,7.1,Bueno,promedio_sensores,1,898,35,265,16
2026-10-05T00:09:46.474894+00:00,1903900012097,8.6,Bueno,9.9,Bueno,promedio_sensores,1,4087,88,440,163
2026-10-05T00:09:46.474894+00:00,1903900012256,11.26,Bueno,11.92,Bueno,interpolacion_delaunay,0,4590,303,1006,320
2026-10-05T00:09:46.474894+00:00,1903900012307,8.57,Bueno,8.93,Bueno,promedio_sensores,3,2986,141,683,94
2026-10-05T00:09:46.474894+00:00,1903900012453,11.69,Bueno,12.48,Bueno,interpolacion_delaunay,0,2219,109,403,76
2026-10-05T00:09:46.474894+00:00,1903900012716,22.74,Aceptable,25.61,Bueno,interpolacion_delaunay,0,78,3,14,8
2026-10-05T00:09:46.474894+00:00,1903900012735,21.17,Aceptable,23.73,Bueno,interpolacion_delaunay,0,0,0,0,0
2026-10-05T00:09:46.474894+00:00,1903900012769,16.69,Aceptable,20.22,Bueno,interpolacion_delaunay,0,279,15,54,0
2026-10-05T00:09:46.474894+00:00,1903900012773,8.05,Bueno,8.77,Bueno,interpolacion_delaunay,0,0,0,0,0
2026-10-05T00:09:46.474894+00:00,1903900014040,75.99,Mala,95.6,Mala,interpolacion_delaunay,0,3042,337,450,116
2026-10-05T00:09:46.474894+00:00,1903900014178,6.65,Bueno,7.41,Bueno,interpolacion_delaunay,0,4610,493,538,196
2026-10-05T00:09:46.474894+00:00,1903900010156,67.42,Mala,84.7,Mala,interpolacion_delaunay,0,2930,146,830,151
2026-10-05T00:09:46.474894+00:00,1903900010264,51.57,Mala,64.43,Mala,interpolacion_delaunay,0,4282,326,814,272
2026-10-05T00:09:46.474894+00:00,1903900010283,48.77,Mala,60.83,Mala,interpolacion_delaunay,0,2911,218,619,83
2026-10-05T00:09:46.474894+00:00,1903900010315,31.48,Aceptable,38.67,Bueno,interpolacion_delaunay,0,3515,316,654,216
2026-10-05T00:09:46.474894+00:00,190390001032A,36.28,Mala,44.8,Bueno,interpolacion_delaunay,0,4173,426,573,279
2026-10-05T00:09:46.474894+00:00,1903900010349,13.92,Bueno,16.2,Bueno,interpolacion_delaunay,0,2637,166,677,132
2026-10-05T00:09:46.474894+00:00,1903900010391,35.69,Mala,44.1,Bueno,interpolacion_delaunay,0,3850,295,727,205
2026-10-05T00:09:46.474894+00:00,1903900010438,13.69,Bueno,15.91,Bueno,interpolacion_delaunay,0,3338,313,521,73
2026-10-05T00:09:46.474894+00:00,1903900010442,11.88,Bueno,13.47,Bueno,interpolacion_delaunay,0,2676,239,533,136
2026-10-05T00:09:46.474894+00:00,1903900010457,31.48,Aceptable,38.86,Bueno,interpolacion_delaunay,0,3408,175,1149,225
2026-10-05T00:09:46.474894+00:00,1903900010480,23.26,Aceptable,28.22,Bueno,interpolacion_delaunay,0,1388,64,440,114
2026-10-05T00:09:46.474894+00:00,1903900010512,17.39,Aceptable,20.51,Bueno,interpolacion_delaunay,0,2980,202,741,168
2026-10-05T00:09:46.474894+00:00,1903900010546,15.63,Aceptable,18.17,Bueno,interpolacion_delaunay,0,2660,141,683,117
2026-10-05T00:09:46.474894+00:00,1903900010550,14.26,Bueno,16.42,Bueno,interpolacion_delaunay,0,2279,182,478,160
2026-10-05T00:09:46.474894+00:00,1903900010565,12.92,Bueno,14.74,Bueno,interpolacion_delaunay,0,2608,254,432,94
2026-10-05T00:09:46.474894+00:00,190390001057A,12.28,Bueno,13.7,Bueno,interpolacion_delaunay,0,1514,131,335,33
2026-10-05T00:09:46.474894+00:00,1903900010599,26.74,Aceptable,33.37,Bueno,interpolacion_delaunay,0,2808,125,1047,137
2026-10-05T00:09:46.474894+00:00,1903900010601,22.09,Aceptable,26.46,Bueno,interpolacion_delaunay,0,5314,412,1126,426
2026-10-05T00:09:46.474894+00:00,1903900010620,17.92,Aceptable,20.81,Bueno,interpolacion_delaunay,0,2515,85,744,131
2026-10-05T00:09:46.474894+00:00,190390001064A,15.7,Aceptable,18.0,Bueno,interpolacion_delaunay,0,2719,125,702,154
2026-10-05T00:09:46.474894+00:00,1903900010654,14.15,Bueno,16.07,Bueno,interpolacion_delaunay,0,2609,119,783,144
2026-10-05T00:09:46.474894+00:00,1903900010705,9.23,Bueno,10.48,Bueno,interpolacion_delaunay,0,1996,93,661,76
2026-10-05T00:09:46.474894+00:00,1903900010739,16.3,Aceptable,18.52,Bueno,interpolacion_delaunay,0,1701,60,561,127
2026-10-05T00:09:46.474894+00:00,1903900010743,15.08,Aceptable,16.94,Bueno,interpolacion_delaunay,0,1991,112,552,108
2026-10-05T00:09:46.474894+00:00,1903900010758,14.22,Bueno,15.84,Bueno,interpolacion_delaunay,0,1207,67,324,54
2026-10-05T00:09:46.474894+00:00,1903900010796,10.81,Bueno,11.98,Bueno,interpolacion_delaunay,0,0,0,0,0
2026-10-05T00:09:46.474894+00:00,1903900010828,10.18,Bueno,11.38,Bueno,interpolacion_delaunay,0,1085,46,363,57
2026-10-05T00:09:46.474894+00:00,1903900010866,13.76,Bueno,15.08,Bueno,interpolacion_delaunay,0,1678,49,570,85
2026-10-05T00:09:46.474894+00:00,1903900010870,17.18,Aceptable,19.18,Bueno,interpolacion_delaunay,0,3879,268,842,254
2026-10-05T00:09:46.474894+00:00,1903900010885,15.04,Aceptable,16.28,Bueno,interpolacion_delaunay,0,1668,63,493,70
2026-10-05T00:09:46.474894+00:00,1903900010940,11.89,Bueno,12.66,Bueno,interpolacion_delaunay,0,3419,259,605,213
2026-10-05T00:09:46.474894+00:00,1903900011046,10.97,Bueno,12.14,Bueno,interpolacion_delaunay,0,1800,151,355,99
2026-10-05T00:09:46.474894+00:00,1903900011135,16.08,Aceptable,17.42,Bueno,interpolacion_delaunay,0,1752,62,519,67
2026-10-05T00:09:46.474894+00:00,190390001114A,16.9,Aceptable,18.5,Bueno,promedio_sensores,1,1380,53,428,34
2026-10-05T00:09:46.474894+00:00,1903900011154,16.17,Aceptable,17.9,Bueno,interpolacion_delaunay,0,1623,62,444,64
2026-10-05T00:09:46.474894+00:00,1903900011169,16.05,Aceptable,17.85,Bueno,promedio_sensores,2,2880,73,732,160
2026-10-05T00:09:46.474894+00:00,1903900011192,11.6,Bueno,12.51,Bueno,interpolacion_delaunay,0,2657,175,674,141
2026-10-05T00:09:46.474894+00:00,1903900011205,12.91,Bueno,13.92,Bueno,interpolacion_delaunay,0,122,13,22,0
2026-10-05T00:09:46.474894+00:00,1903900011243,8.57,Bueno,9.39,Bueno,interpolacion_delaunay,0,475,45,76,44
2026-10-05T00:09:46.474894+00:00,1903900011258,9.07,Bueno,9.95,Bueno,interpolacion_delaunay,0,1048,106,166,35
2026-10-05T00:09:46.474894+00:00,1903900011262,10.8,Bueno,11.76,Bueno,interpolacion_delaunay,0,1756,114,447,140
2026-10-05T00:09:46.474894+00:00,1903900011277,9.69,Bueno,10.66,Bueno,interpolacion_delaunay,0,2024,136,529,164
2026-10-05T00:09:46.474894+00:00,1903900011309,10.1,Bueno,11.2,Bueno,promedio_sensores,1,1761,123,433,90
2026-10-05T00:09:46.474894+00:00,1903900011351,17.39,Aceptable,19.12,Bueno,interpolacion_delaunay,0,2734,167,651,175
2026-10-05T00:09:46.474894+00:00,1903900011366,17.16,Aceptable,18.86,Bueno,interpolacion_delaunay,0,0,0,0,0
2026-10-05T00:09:46.474894+00:00,1903900011421,15.0,Bueno,17.6,Bueno,promedio_sensores,1,3327,204,738,54
2026-10-05T00:09:46.474894+00:00,1903900011436,15.93,Aceptable,18.09,Bueno,interpolacion_delaunay,0,1869,83,431,69
2026-10-05T00:09:46.474894+00:00,1903900011440,16.56,Aceptable,18.56,Bueno,interpolacion_delaunay,0,1644,76,453,82
2026-10-05T00:09:46.474894+00:00,1903900011455,18.36,Aceptable,21.22,Bueno,interpolacion_delaunay,0,1330,38,379,65
2026-10-05T00:09:46.474894+00:00,1903900011578,15.0,Bueno,16.06,Bueno,interpolacion_delaunay,0,1668,78,469,55
2026-10-05T00:09:46.474894+00:00,1903900011582,17.0,Aceptable,18.3,Bueno,promedio_sensores,1,1943,98,485,98
2026-10-05T00:09:46.474894+00:00,190390001160A,20.59,Aceptable,23.04,Bueno,interpolacion_delaunay,0,1878,106,479,110
2026-10-05T00:09:46.474894+00:00,1903900011614,19.5,Aceptable,21.74,Bueno,interpolacion_delaunay,0,2516,127,727,95
2026-10-05T00:09:46.474894+00:00,1903900011633,16.59,Aceptable,19.88,Bueno,interpolacion_delaunay,0,810,34,225,59
2026-10-05T00:09:46.474894+00:00,1903900011703,12.23,Bueno,13.03,Bueno,interpolacion_delaunay,0,3184,63,372,52
2026-10-05T00:09:46.474894+00:00,1903900011722,9.64,Bueno,10.53,Bueno,interpolacion_delaunay,0,511,20,136,16
2026-10-05T00:09:46.474894+00:00,1903900011737,8.29,Bueno,9.02,Bueno,interpolacion_delaunay,0,377,25,76,21
2026-10-05T00:09:46.474894+00:00,1903900011741,10.52,Bueno,11.28,Bueno,interpolacion_delaunay,0,179,8,28,10
2026-10-05T00:09:46.474894+00:00,1903900011756,10.81,Bueno,11.62,Bueno,interpolacion_delaunay,0,191,3,61,18
2026-10-05T00:09:46.474894+00:00,1903900011794,19.33,Aceptable,21.96,Bueno,interpolacion_delaunay,0,2555,160,623,167
2026-10-05T00:09:46.474894+00:00,1903900011845,7.6,Bueno,8.2,Bueno,promedio_sensores,1,2750,133,527,66
2026-10-05T00:09:46.474894+00:00,190390001185A,8.32,Bueno,8.99,Bueno,interpolacion_delaunay,0,2718,189,497,75
2026-10-05T00:09:46.474894+00:00,1903900011879,8.89,Bueno,9.63,Bueno,interpolacion_delaunay,0,2302,190,467,160
2026-10-05T00:09:46.474894+00:00,1903900011883,9.08,Bueno,9.87,Bueno,interpolacion_delaunay,0,2653,217,567,162
2026-10-05T00:09:46.474894+00:00,1903900011898,8.8,Bueno,9.66,Bueno,interpolacion_delaunay,0,2466,163,572,128
2026-10-05T00:09:46.474894+00:00,1903900011900,9.77,Bueno,10.64,Bueno,interpolacion_delaunay,0,1274,99,333,108
2026-10-05T00:09:46.474894+00:00,1903900012167,8.45,Bueno,9.5,Bueno,interpolacion_delaunay,0,2883,124,813,123
2026-10-05T00:09:46.474894+00:00,1903900012190,5.89,Bueno,6.59,Bueno,interpolacion_delaunay,0,1182,41,455,89
2026-10-05T00:09:46.474894+00:00,1903900012218,4.76,Bueno,5.16,Bueno,interpolacion_delaunay,0,1788,87,512,71
2026-10-05T00:09:46.474894+00:00,1903900012241,6.12,Bueno,6.58,Bueno,interpolacion_delaunay,0,1136,46,404,79
2026-10-05T00:09:46.474894+00:00,1903900012275,6.7,Bueno,7.07,Bueno,interpolacion_delaunay,0,3740,200,896,144
2026-10-05T00:09:46.474894+00:00,1903900012472,3.1,Bueno,3.6,Bueno,promedio_sensores,1,4662,342,773,243
2026-10-05T00:09:46.474894+00:00,190390001267A,44.26,Mala,55.65,Aceptable,interpolacion_delaunay,0,3909,249,1025,191
2026-10-05T00:09:46.474894+00:00,1903900012684,41.38,Mala,51.98,Aceptable,interpolacion_delaunay,0,2186,73,687,43
2026-10-05T00:09:46.474894+00:00,1903900012720,29.6,Aceptable,33.9,Bueno,promedio_sensores,1,970,52,170,37
2026-10-05T00:09:46.474894+00:00,190390001274A,24.39,Aceptable,27.64,Bueno,interpolacion_delaunay,0,10,0,0,0
2026-10-05T00:09:46.474894+00:00,1903900012754,22.77,Aceptable,25.88,Bueno,interpolacion_delaunay,0,3205,214,714,184
2026-10-05T00:09:46.474894+00:00,1903900012788,10.38,Bueno,11.2,Bueno,interpolacion_delaunay,0,0,0,0,0
2026-10-05T00:09:46.474894+00:00,190390001281A,1.7,Bueno,1.7,Bueno,promedio_sensores,1,327,0,0,0
2026-10-05T00:09:46.474894+00:00,1903900012877,0.51,Bueno,0.52,Bueno,interpolacion_delaunay,0,0,0,0,0
2026-10-05T00:09:46.474894+00:00,1903900013451,37.54,Mala,46.44,Aceptable,interpolacion_delaunay,0,4308,421,672,304
2026-10-05T00:09:46.474894+00:00,1903900013555,60.31,Mala,76.07,Mala,interpolacion_delaunay,0,4663,290,902,166
2026-10-05T00:09:46.474894+00:00,1903900013593,10.78,Bueno,11.52,Bueno,interpolacion_delaunay,0,2322,237,355,231
2026-10-05T00:09:46.474894+00:00,1903900013606,12.16,Bueno,13.03,Bueno,interpolacion_delaunay,0,2907,266,482,206
2026-10-05T00:09:46.474894+00:00,1903900013610,9.14,Bueno,9.9,Bueno,interpolacion_delaunay,0,2513,260,368,178
2026-10-05T00:09:46.474894+00:00,1903900013659,4.76,Bueno,5.41,Bueno,interpolacion_delaunay,0,1885,176,371,95
2026-10-05T00:09:46.474894+00:00,190390001406A,48.97,Mala,61.04,Mala,interpolacion_delaunay,0,4196,447,516,257
2026-10-05T00:09:46.474894+00:00,1903900014093,48.49,Mala,60.49,Mala,interpolacion_delaunay,0,3096,303,444,145
2026-10-05T00:09:46.474894+00:00,1903900014144,18.92,Aceptable,23.48,Bueno,interpolacion_delaunay,0,883,38,360,125
2026-10-05T00:09:46.474894+00:00,1903900014159,1.6,Bueno,2.3,Bueno,promedio_sensores,1,620,20,142,55
2026-10-05T00:09:46.474894+00:00,1903900014500,41.15,Mala,51.1,Aceptable,interpolacion_delaunay,0,3056,353,283,111
2026-10-05T00:09:46.474894+00:00,1903900014515,30.19,Aceptable,37.09,Bueno,interpolacion_delaunay,0,3391,252,688,180
2026-10-05T00:09:46.474894+00:00,1903900014549,22.5,Aceptable,27.22,Bueno,interpolacion_delaunay,0,4319,365,785,218
2026-10-05T00:09:46.474894+00:00,1903900014553,22.1,Aceptable,26.69,Bueno,interpolacion_delaunay,0,3885,315,748,307
2026-10-05T00:09:46.474894+00:00,1903900014619,0.39,Bueno,0.39,Bueno,interpolacion_delaunay,0,2679,137,355,34
2026-10-05T00:09:46.474894+00:00,1903900014623,8.3,Bueno,9.0,Bueno,promedio_sensores,1,1853,99,476,133
2026-10-05T00:09:46.474894+00:00,1903900014731,16.55,Aceptable,18.29,Bueno,interpolacion_delaunay,0,2772,164,687,112
2026-10-05T00:09:46.474894+00:00,1903900014905,11.25,Bueno,12.25,Bueno,interpolacion_delaunay,0,2280,182,284,44
2026-10-05T00:09:46.474894+00:00,190390001491A,7.83,Bueno,9.14,Bueno,interpolacion_delaunay,0,897,47,73,0
2026-10-05T00:09:46.474894+00:00,1903900014924,14.8,Bueno,15.3,Bueno,promedio_sensores,1,2425,136,485,38
2026-10-05T00:09:46.474894+00:00,1903900014939,15.43,Aceptable,16.52,Bueno,interpolacion_delaunay,0,1974,92,485,50
2026-10-05T00:09:46.474894+00:00,1903900015142,9.0,Bueno,9.97,Bueno,interpolacion_delaunay,0,2839,330,193,45
2026-10-05T00:09:46.474894+00:00,1903900011385,21.1,Aceptable,23.59,Bueno,interpolacion_delaunay,0,1585,87,442,107
2026-10-05T00:09:46.474894+00:00,1903900012805,5.06,Bueno,5.39,Bueno,interpolacion_delaunay,0,3258,186,362,30
2026-10-05T00:09:46.474894+00:00,1903900011826,8.92,Bueno,10.01,Bueno,interpolacion_delaunay,0,1966,181,300,39
2026-10-05T00:09:46.474894+00:00,1903900012468,3.8,Bueno,3.97,Bueno,interpolacion_delaunay,0,3979,370,451,75
2026-10-05T00:09:46.474894+00:00,1903900012133,6.09,Bueno,6.86,Bueno,interpolacion_delaunay,0,3643,409,514,130
2026-10-05T00:09:46.474894+00:00,1903900014182,7.05,Bueno,8.02,Bueno,interpolacion_delaunay,0,2164,180,491,80
2026-10-05T00:09:46.474894+00:00,1903900012152,8.1,Bueno,9.16,Bueno,interpolacion_delaunay,0,2360,140,519,93
2026-10-05T00:09:46.474894+00:00,1903900012082,8.05,Bueno,9.19,Bueno,interpolacion_delaunay,0,2402,95,700,143
2026-10-05T00:09:46.474894+00:00,1903900013663,9.04,Bueno,9.99,Bueno,interpolacion_delaunay,0,4832,422,675,278
2026-10-05T00:09:46.474894+00:00,1903900013714,25.61,Aceptable,30.72,Bueno,interpolacion_delaunay,0,4743,468,751,239
2026-10-05T00:09:46.474894+00:00,1903900012858,6.58,Bueno,6.86,Bueno,interpolacion_delaunay,0,0,0,0,0
2026-10-05T00:09:46.474894+00:00,1903900012839,2.77,Bueno,2.85,Bueno,interpolacion_delaunay,0,426,30,39,0
2026-10-05T00:09:46.474894+00:00,1903900012843,12.1,Bueno,12.6,Bueno,promedio_sensores,1,3288,154,618,59
2026-10-05T00:09:46.474894+00:00,1903900012862,1.57,Bueno,1.6,Bueno,interpolacion_delaunay,0,0,0,0,0
2026-10-05T00:09:46.474894+00:00,1903900013733,15.32,Aceptable,17.95,Bueno,interpolacion_delaunay,0,1895,90,465,59
2026-10-05T00:09:46.474894+00:00,1903900012294,8.28,Bueno,8.64,Bueno,interpolacion_delaunay,0,3104,120,1010,138
2026-10-05T00:09:46.474894+00:00,190390001228A,10.44,Bueno,10.89,Bueno,interpolacion_delaunay,0,2430,94,799,56
2026-10-05T00:09:46.474894+00:00,1903900010423,21.21,Aceptable,25.55,Bueno,interpolacion_delaunay,0,3542,305,682,134
2026-10-05T00:09:46.474894+00:00,1903900010334,25.99,Aceptable,31.64,Bueno,interpolacion_delaunay,0,878,76,200,70
2026-10-05T00:09:46.474894+00:00,1903900010071,81.23,Muy alta,102.36,Mala,interpolacion_delaunay,0,2520,129,682,146
2026-10-05T00:09:46.474894+00:00,1903900014869,37.97,Mala,49.44,Aceptable,interpolacion_delaunay,0,4404,353,307,53
2026-10-05T00:09:46.474894+00:00,1903900013748,40.92,Mala,52.14,Aceptable,interpolacion_delaunay,0,3552,225,627,97
2026-10-05T00:09:46.474894+00:00,1903900011050,12.81,Bueno,14.14,Bueno,interpolacion_delaunay,0,1589,135,342,104
2026-10-05T00:09:46.474894+00:00,1903900011116,15.35,Aceptable,16.88,Bueno,interpolacion_delaunay,0,0,0,0,0
2026-10-05T00:09:46.474894+00:00,1903900010809,10.53,Bueno,11.78,Bueno,interpolacion_delaunay,0,59,3,14,3
2026-10-05T00:09:46.474894+00:00,1903900010989,10.69,Bueno,11.77,Bueno,interpolacion_delaunay,0,6061,564,591,133
2026-10-05T00:09:46.474894+00:00,1903900010851,12.75,Bueno,14.08,Bueno,interpolacion_delaunay,0,1601,105,413,68
2026-10-05T00:09:46.474894+00:00,1903900013413,86.62,Muy alta,109.54,Mala,interpolacion_delaunay,0,7251,522,1316,316
2026-10-05T00:09:46.474894+00:00,1903900010033,109.12,Muy alta,138.16,Muy alta,interpolacion_delaunay,0,3321,285,588,124
2026-10-05T00:09:46.474894+00:00,1903900010137,83.35,Muy alta,105.37,Mala,interpolacion_delaunay,0,4478,279,1202,320
2026-10-05T00:09:46.474894+00:00,1903900010141,65.42,Mala,82.24,Mala,interpolacion_delaunay,0,4273,225,965,185
2026-10-05T00:09:46.474894+00:00,1903900010762,11.66,Bueno,12.6,Bueno,interpolacion_delaunay,0,1600,114,337,68
2026-10-05T00:09:46.474894+00:00,1903900014106,42.2,Mala,52.45,Aceptable,interpolacion_delaunay,0,4189,248,1019,177
2026-10-05T00:09:46.474894+00:00,1903900014110,28.16,Aceptable,34.52,Bueno,interpolacion_delaunay,0,2699,161,643,225
2026-10-05T00:09:46.474894+00:00,1903900010921,12.04,Bueno,12.84,Bueno,interpolacion_delaunay,0,2388,213,393,106
2026-10-05T00:09:46.474894+00:00,1903900010669,12.71,Bueno,13.88,Bueno,interpolacion_delaunay,0,2152,159,463,119
2026-10-05T00:09:46.474894+00:00,1903900010067,89.12,Muy alta,112.45,Mala,interpolacion_delaunay,0,2799,155,819,158
2026-10-05T00:09:46.474894+00:00,1903900010688,11.13,Bueno,12.28,Bueno,interpolacion_delaunay,0,2838,195,394,149
2026-10-05T00:09:46.474894+00:00,1903900010584,11.16,Bueno,12.39,Bueno,interpolacion_delaunay,0,3226,273,587,141
2026-10-05T00:09:46.474894+00:00,1903900011417,14.79,Bueno,16.5,Bueno,interpolacion_delaunay,0,3077,152,970,79
2026-10-05T00:09:46.474894+00:00,1903900013837,14.03,Bueno,15.56,Bueno,interpolacion_delaunay,0,3561,193,908,77
2026-10-05T00:09:46.474894+00:00,1903900013930,75.6,Mala,95.1,Mala,interpolacion_delaunay,0,1431,202,111,73
2026-10-05T00:09:46.474894+00:00,1903900014055,60.37,Mala,75.62,Mala,interpolacion_delaunay,0,4222,525,372,136
2026-10-05T00:09:46.474894+00:00,190390001420A,5.62,Bueno,6.43,Bueno,interpolacion_delaunay,0,3029,320,382,97
2026-10-05T00:09:46.474894+00:00,1903900014197,6.33,Bueno,7.23,Bueno,interpolacion_delaunay,0,2456,248,321,138
2026-10-05T00:09:46.474894+00:00,1903900010974,11.09,Bueno,12.09,Bueno,interpolacion_delaunay,0,781,39,192,50
2026-10-05T00:09:46.474894+00:00,1903900011084,15.57,Aceptable,17.15,Bueno,interpolacion_delaunay,0,1782,162,338,82
2026-10-05T00:09:46.474894+00:00,1903900010847,9.72,Bueno,10.82,Bueno,interpolacion_delaunay,0,1023,82,199,53
2026-10-05T00:09:46.474894+00:00,1903900010993,10.16,Bueno,11.32,Bueno,interpolacion_delaunay,0,1086,95,211,53
2026-10-05T00:09:46.474894+00:00,1903900010372,34.74,Mala,42.91,Bueno,interpolacion_delaunay,0,2524,139,785,102
2026-10-05T00:09:46.474894+00:00,1903900011031,10.84,Bueno,12.0,Bueno,interpolacion_delaunay,0,1190,84,257,58
2026-10-05T00:09:46.474894+00:00,1903900010902,13.37,Bueno,14.3,Bueno,interpolacion_delaunay,0,3066,119,898,183
2026-10-05T00:09:46.474894+00:00,1903900010777,11.36,Bueno,12.37,Bueno,interpolacion_delaunay,0,1329,106,264,76
2026-10-05T00:09:46.474894+00:00,1903900010781,11.13,Bueno,12.19,Bueno,interpolacion_delaunay,0,242,8,54,15
2026-10-05T00:09:46.474894+00:00,1903900014572,10.32,Bueno,11.39,Bueno,interpolacion_delaunay,0,1442,81,389,93
2026-10-05T00:09:46.474894+00:00,1903900014676,19.75,Aceptable,23.47,Bueno,interpolacion_delaunay,0,2120,102,506,104
2026-10-05T00:09:46.474894+00:00,190390001025A,56.89,Mala,71.25,Mala,interpolacion_delaunay,0,3942,258,986,278
2026-10-05T00:09:46.474894+00:00,1903900010495,19.11,Aceptable,22.78,Bueno,interpolacion_delaunay,0,1812,109,420,98
2026-10-05T00:09:46.474894+00:00,1903900010917,12.4,Bueno,13.1,Bueno,promedio_sensores,1,2843,155,698,133
2026-10-05T00:09:46.474894+00:00,1903900010955,11.55,Bueno,12.46,Bueno,interpolacion_delaunay,0,288,25,64,22
2026-10-05T00:09:46.474894+00:00,1903900013697,35.57,Mala,43.18,Bueno,interpolacion_delaunay,0,1977,183,341,77
2026-10-05T00:09:46.474894+00:00,1903900013860,64.37,Mala,80.75,Mala,interpolacion_delaunay,0,3174,344,383,184
2026-10-05T00:09:46.474894+00:00,1903900015439,8.15,Bueno,9.45,Bueno,interpolacion_delaunay,0,627,97,12,5
2026-10-05T00:09:46.474894+00:00,1903900011027,9.95,Bueno,11.05,Bueno,interpolacion_delaunay,0,509,36,115,25
2026-10-05T00:09:46.474894+00:00,1903900013998,118.08,Muy alta,149.41,Muy alta,interpolacion_delaunay,0,5766,706,558,248
2026-10-05T00:09:46.474894+00:00,190390001477A,12.38,Bueno,13.18,Bueno,interpolacion_delaunay,0,550,33,68,4
2026-10-05T00:09:46.474894+00:00,1903900014002,108.08,Muy alta,136.65,Muy alta,interpolacion_delaunay,0,5494,669,668,240
2026-10-05T00:09:46.474894+00:00,1903900014873,5.88,Bueno,7.51,Bueno,interpolacion_delaunay,0,2383,154,261,52
2026-10-05T00:09:46.474894+00:00,1903900011008,10.41,Bueno,11.49,Bueno,interpolacion_delaunay,0,1877,145,377,135
2026-10-05T00:09:46.474894+00:00,1903900011313,11.05,Bueno,12.23,Bueno,interpolacion_delaunay,0,5055,336,882,185
2026-10-05T00:09:46.474894+00:00,190390001139A,45.95,Mala,56.83,Aceptable,interpolacion_delaunay,0,1079,59,290,49
2026-10-05T00:09:46.474894+00:00,1903900011402,55.23,Mala,68.9,Mala,interpolacion_delaunay,0,681,31,196,23
2026-10-05T00:09:46.474894+00:00,1903900012519,123.79,Muy alta,156.71,Muy alta,interpolacion_delaunay,0,5642,661,498,241
2026-10-05T00:09:46.474894+00:00,1903900013822,13.22,Bueno,14.02,Bueno,interpolacion_delaunay,0,6050,361,890,140
2026-10-05T00:09:46.474894+00:00,1903900013964,11.13,Bueno,11.66,Bueno,interpolacion_delaunay,0,728,55,70,19
2026-10-05T00:09:46.474894+00:00,1903900014125,21.36,Aceptable,25.73,Bueno,interpolacion_delaunay,0,1881,174,361,63
2026-10-05T00:09:46.474894+00:00,190390001452A,46.86,Mala,58.24,Aceptable,interpolacion_delaunay,0,2471,240,363,186
2026-10-05T00:09:46.474894+00:00,190390001413A,21.25,Aceptable,25.51,Bueno,interpolacion_delaunay,0,2082,180,339,126
2026-10-05T00:09:46.474894+00:00,1903900010461,23.6,Aceptable,28.7,Bueno,promedio_sensores,1,3422,173,1112,139
2026-10-05T00:09:46.474894+00:00,1903900014534,28.63,Aceptable,34.96,Bueno,interpolacion_delaunay,0,1267,111,229,29
2026-10-05T00:09:46.474894+00:00,1903900013767,3.39,Bueno,3.54,Bueno,interpolacion_delaunay,0,2308,117,605,127
2026-10-05T00:09:46.474894+00:00,1903900012345,7.64,Bueno,8.76,Bueno,interpolacion_delaunay,0,2632,98,737,80
2026-10-05T00:09:46.474894+00:00,1903900012364,0.0,Bueno,0.0,Bueno,promedio_sensores,1,2327,116,787,61
2026-10-05T00:09:46.474894+00:00,1903900011629,30.2,Aceptable,37.5,Bueno,promedio_sensores,1,2881,196,402,58
2026-10-05T00:09:46.474894+00:00,1903900013396,82.33,Muy alta,103.72,Mala,interpolacion_delaunay,0,4014,389,664,275
2026-10-05T00:09:46.474894+00:00,1903900010245,55.07,Mala,69.41,Mala,interpolacion_delaunay,0,2709,131,764,208
2026-10-05T00:09:46.474894+00:00,1903900015284,8.47,Bueno,9.72,Bueno,interpolacion_delaunay,0,513,29,60,13
2026-10-05T00:09:46.474894+00:00,1903900010118,76.15,Mala,95.82,Mala,interpolacion_delaunay,0,4580,383,955,302
2026-10-05T00:09:46.474894+00:00,1903900010052,91.68,Muy alta,115.68,Mala,interpolacion_delaunay,0,3869,304,717,323
2026-10-05T00:09:46.474894+00:00,1903900015123,97.54,Muy alta,123.17,Mala,interpolacion_delaunay,0,68,3,4,3
2026-10-05T00:09:46.474894+00:00,1903900014036,86.32,Muy alta,108.82,Mala,interpolacion_delaunay,0,4679,569,514,263
2026-10-05T00:09:46.474894+00:00,1903900010508,19.24,Aceptable,23.07,Bueno,interpolacion_delaunay,0,3451,202,579,150
2026-10-05T00:09:46.474894+00:00,1903900010527,17.21,Aceptable,20.41,Bueno,interpolacion_delaunay,0,1779,95,454,127
2026-10-05T00:09:46.474894+00:00,1903900013729,62.67,Mala,80.03,Mala,interpolacion_delaunay,0,3410,392,357,136
2026-10-05T00:09:46.474894+00:00,190390001370A,60.49,Mala,76.45,Mala,interpolacion_delaunay,0,4006,357,563,228
2026-10-05T00:09:46.474894+00:00,1904600010362,13.37,Bueno,14.67,Bueno,interpolacion_delaunay,0,5505,271,1291,301
2026-10-05T00:09:46.474894+00:00,1904600011483,8.37,Bueno,9.27,Bueno,interpolacion_delaunay,0,2026,111,597,94
2026-10-05T00:09:46.474894+00:00,1904600011638,11.26,Bueno,12.26,Bueno,interpolacion_delaunay,0,4053,248,498,114
2026-10-05T00:09:46.474894+00:00,1904600010998,10.27,Bueno,11.43,Bueno,interpolacion_delaunay,0,5855,449,1099,257
2026-10-05T00:09:46.474894+00:00,1904600011676,9.78,Bueno,10.91,Bueno,interpolacion_delaunay,0,362,30,69,27
2026-10-05T00:09:46.474894+00:00,1904600010216,10.8,Bueno,12.2,Bueno,promedio_sensores,1,2042,50,546,50
2026-10-05T00:09:46.474894+00:00,1904600010536,11.25,Bueno,12.61,Bueno,interpolacion_delaunay,0,4997,504,603,104
2026-10-05T00:09:46.474894+00:00,1904600011708,11.97,Bueno,13.09,Bueno,interpolacion_delaunay,0,1763,89,284,44
2026-10-05T00:09:46.474894+00:00,190460001070A,11.46,Bueno,12.61,Bueno,interpolacion_delaunay,0,1273,69,137,48
2026-10-05T00:09:46.474894+00:00,1904600011375,11.22,Bueno,12.2,Bueno,interpolacion_delaunay,0,5964,475,946,326
2026-10-05T00:09:46.474894+00:00,1904600011286,13.25,Bueno,14.51,Bueno,interpolacion_delaunay,0,2603,117,839,196
2026-10-05T00:09:46.474894+00:00,1904600011623,10.9,Bueno,11.89,Bueno,interpolacion_delaunay,0,4225,248,423,136
2026-10-05T00:09:46.474894+00:00,1904600010786,11.43,Bueno,12.5,Bueno,interpolacion_delaunay,0,4690,309,1009,269
2026-10-05T00:09:46.474894+00:00,190460001024A,9.33,Bueno,10.41,Bueno,interpolacion_delaunay,0,2748,75,850,176
2026-10-05T00:09:46.474894+00:00,1904600010875,9.44,Bueno,10.68,Bueno,interpolacion_delaunay,0,3785,202,993,129
2026-10-05T00:09:46.474894+00:00,1904600010324,13.43,Bueno,14.81,Bueno,interpolacion_delaunay,0,2214,97,651,92
2026-10-05T00:09:46.474894+00:00,1904600011233,11.61,Bueno,12.78,Bueno,interpolacion_delaunay,0,3010,241,577,204
2026-10-05T00:09:46.474894+00:00,1904600010131,10.63,Bueno,11.89,Bueno,interpolacion_delaunay,0,4113,160,1393,177
2026-10-05T00:09:46.474894+00:00,1904600010184,10.35,Bueno,11.61,Bueno,interpolacion_delaunay,0,3438,93,1132,126
2026-10-05T00:09:46.474894+00:00,1904600010235,9.74,Bueno,10.91,Bueno,interpolacion_delaunay,0,2765,104,711,111
2026-10-05T00:09:46.474894+00:00,1904600010466,11.47,Bueno,12.86,Bueno,interpolacion_delaunay,0,2212,113,500,58
2026-10-05T00:09:46.474894+00:00,190460001049A,11.12,Bueno,12.51,Bueno,interpolacion_delaunay,0,2827,123,674,44
2026-10-05T00:09:46.474894+00:00,1904600011407,11.03,Bueno,12.41,Bueno,interpolacion_delaunay,0,3464,317,610,173
2026-10-05T00:09:46.474894+00:00,1904600011642,9.39,Bueno,10.51,Bueno,interpolacion_delaunay,0,2601,116,623,113
2026-10-05T00:09:46.474894+00:00,1904600011731,9.55,Bueno,10.83,Bueno,interpolacion_delaunay,0,3017,207,561,120
2026-10-05T00:09:46.474894+00:00,1904600010108,9.4,Bueno,10.44,Bueno,interpolacion_delaunay,0,2483,125,582,112
2026-10-05T00:09:46.474894+00:00,1904600010127,9.33,Bueno,10.46,Bueno,interpolacion_delaunay,0,4270,186,1281,297
2026-10-05T00:09:46.474894+00:00,1904600010292,9.98,Bueno,11.17,Bueno,interpolacion_delaunay,0,0,0,0,0
2026-10-05T00:09:46.474894+00:00,1904600010714,10.79,Bueno,11.83,Bueno,interpolacion_delaunay,0,3666,266,947,309
2026-10-05T00:09:46.474894+00:00,1904600010860,10.44,Bueno,11.82,Bueno,interpolacion_delaunay,0,3290,227,721,158
2026-10-05T00:09:46.474894+00:00,1904600011002,10.93,Bueno,12.17,Bueno,interpolacion_delaunay,0,3262,289,695,194
2026-10-05T00:09:46.474894+00:00,190460001120A,11.19,Bueno,12.33,Bueno,interpolacion_delaunay,0,3141,265,631,179
2026-10-05T00:09:46.474894+00:00,1904600011341,11.62,Bueno,12.87,Bueno,interpolacion_delaunay,0,3608,289,555,127
2026-10-05T00:09:46.474894+00:00,1904600011426,9.91,Bueno,11.04,Bueno,interpolacion_delaunay,0,3335,302,691,164
2026-10-05T00:09:46.474894+00:00,190460001177A,23.69,Aceptable,28.5,Bueno,interpolacion_delaunay,0,2611,224,320,95
2026-10-05T00:09:46.474894+00:00,1904600010042,9.69,Bueno,10.76,Bueno,interpolacion_delaunay,0,1646,90,422,69
2026-10-05T00:09:46.474894+00:00,1904600010057,9.38,Bueno,10.41,Bueno,interpolacion_delaunay,0,1216,61,388,100
2026-10-05T00:09:46.474894+00:00,1904600010076,9.58,Bueno,10.79,Bueno,interpolacion_delaunay,0,3762,199,1053,215
2026-10-05T00:09:46.474894+00:00,1904600010095,9.43,Bueno,10.47,Bueno,interpolacion_delaunay,0,1199,53,337,85
2026-10-05T00:09:46.474894+00:00,1904600010146,9.45,Bueno,10.52,Bueno,interpolacion_delaunay,0,2987,160,749,104
2026-10-05T00:09:46.474894+00:00,190460001017A,9.08,Bueno,10.14,Bueno,interpolacion_delaunay,0,4101,180,1201,211
2026-10-05T00:09:46.474894+00:00,1904600010201,8.74,Bueno,9.74,Bueno,interpolacion_delaunay,0,3988,173,1242,253
2026-10-05T00:09:46.474894+00:00,1904600010220,10.49,Bueno,11.82,Bueno,interpolacion_delaunay,0,1869,61,495,59
2026-10-05T00:09:46.474894+00:00,190460001031A,12.95,Bueno,14.27,Bueno,interpolacion_delaunay,0,2149,134,353,62
2026-10-05T00:09:46.474894+00:00,1904600010343,11.94,Bueno,13.1,Bueno,interpolacion_delaunay,0,5532,394,1335,345
2026-10-05T00:09:46.474894+00:00,1904600010381,14.25,Bueno,15.64,Bueno,interpolacion_delaunay,0,3251,164,847,172
2026-10-05T00:09:46.474894+00:00,1904600010413,11.88,Bueno,13.27,Bueno,interpolacion_delaunay,0,4002,238,499,120
2026-10-05T00:09:46.474894+00:00,1904600010485,20.7,Aceptable,24.81,Bueno,interpolacion_delaunay,0,3150,144,1004,109
2026-10-05T00:09:46.474894+00:00,1904600010540,9.35,Bueno,10.39,Bueno,interpolacion_delaunay,0,4952,283,1289,225
2026-10-05T00:09:46.474894+00:00,1904600010555,11.47,Bueno,12.78,Bueno,interpolacion_delaunay,0,0,0,0,0
2026-10-05T00:09:46.474894+00:00,1904600010593,9.59,Bueno,10.59,Bueno,interpolacion_delaunay,0,5785,417,488,81
2026-10-05T00:09:46.474894+00:00,1904600010610,11.14,Bueno,12.37,Bueno,interpolacion_delaunay,0,4819,442,219,35
2026-10-05T00:09:46.474894+00:00,1904600010625,10.71,Bueno,11.87,Bueno,interpolacion_delaunay,0,684,56,110,22
2026-10-05T00:09:46.474894+00:00,1904600010659,9.63,Bueno,10.58,Bueno,interpolacion_delaunay,0,0,0,0,0
2026-10-05T00:09:46.474894+00:00,1904600010729,10.55,Bueno,11.54,Bueno,interpolacion_delaunay,0,0,0,0,0
2026-10-05T00:09:46.474894+00:00,1904600010752,11.89,Bueno,13.01,Bueno,interpolacion_delaunay,0,2043,121,429,51
2026-10-05T00:09:46.474894+00:00,1904600010790,11.95,Bueno,13.11,Bueno,interpolacion_delaunay,0,0,0,0,0
2026-10-05T00:09:46.474894+00:00,1904600010822,10.74,Bueno,12.15,Bueno,interpolacion_delaunay,0,1808,142,329,116
2026-10-05T00:09:46.474894+00:00,1904600010841,10.23,Bueno,11.61,Bueno,interpolacion_delaunay,0,2675,196,623,119
2026-10-05T00:09:46.474894+00:00,1904600010856,9.93,Bueno,11.25,Bueno,interpolacion_delaunay,0,5049,305,900,195
2026-10-05T00:09:46.474894+00:00,190460001088A,7.25,Bueno,8.02,Bueno,interpolacion_delaunay,0,4232,220,1219,162
2026-10-05T00:09:46.474894+00:00,1904600010894,7.63,Bueno,8.45,Bueno,interpolacion_delaunay,0,2806,182,550,130
2026-10-05T00:09:46.474894+00:00,1904600010907,10.08,Bueno,11.36,Bueno,interpolacion_delaunay,0,3550,247,722,168
2026-10-05T00:09:46.474894+00:00,1904600010930,10.88,Bueno,12.13,Bueno,interpolacion_delaunay,0,3021,143,721,82
2026-10-05T00:09:46.474894+00:00,1904600010945,10.4,Bueno,11.6,Bueno,interpolacion_delaunay,0,3597,162,944,129
2026-10-05T00:09:46.474894+00:00,190460001095A,10.32,Bueno,11.55,Bueno,interpolacion_delaunay,0,3265,234,654,254
2026-10-05T00:09:46.474894+00:00,1904600010979,8.63,Bueno,9.59,Bueno,interpolacion_delaunay,0,2747,114,869,151
2026-10-05T00:09:46.474894+00:00,1904600011017,10.42,Bueno,11.57,Bueno,interpolacion_delaunay,0,4599,402,752,199
2026-10-05T00:09:46.474894+00:00,1904600011021,8.73,Bueno,9.66,Bueno,interpolacion_delaunay,0,4072,223,1090,178
2026-10-05T00:09:46.474894+00:00,1904600011040,9.36,Bueno,10.33,Bueno,interpolacion_delaunay,0,3276,150,902,88
2026-10-05T00:09:46.474894+00:00,1904600011055,9.32,Bueno,10.27,Bueno,interpolacion_delaunay,0,7096,477,1425,285
2026-10-05T00:09:46.474894+00:00,190460001106A,8.83,Bueno,9.81,Bueno,interpolacion_delaunay,0,1152,61,261,64
2026-10-05T00:09:46.474894+00:00,1904600011074,10.39,Bueno,11.48,Bueno,interpolacion_delaunay,0,4901,241,744,96
2026-10-05T00:09:46.474894+00:00,1904600011089,9.87,Bueno,10.87,Bueno,interpolacion_delaunay,0,3306,318,659,199
2026-10-05T00:09:46.474894+00:00,1904600011093,10.96,Bueno,12.08,Bueno,interpolacion_delaunay,0,3302,217,861,180
2026-10-05T00:09:46.474894+00:00,1904600011106,11.96,Bueno,13.2,Bueno,interpolacion_delaunay,0,3881,243,712,89
2026-10-05T00:09:46.474894+00:00,1904600011110,11.54,Bueno,12.72,Bueno,interpolacion_delaunay,0,3018,178,738,133
2026-10-05T00:09:46.474894+00:00,1904600011125,10.63,Bueno,11.72,Bueno,interpolacion_delaunay,0,3318,323,549,240
2026-10-05T00:09:46.474894+00:00,190460001113A,10.68,Bueno,11.76,Bueno,interpolacion_delaunay,0,3513,294,662,255
2026-10-05T00:09:46.474894+00:00,1904600011144,10.76,Bueno,11.83,Bueno,interpolacion_delaunay,0,3223,294,460,148
2026-10-05T00:09:46.474894+00:00,1904600011159,10.18,Bueno,11.13,Bueno,interpolacion_delaunay,0,4682,317,917,254
2026-10-05T00:09:46.474894+00:00,1904600011163,10.46,Bueno,11.44,Bueno,interpolacion_delaunay,0,4463,291,849,173
2026-10-05T00:09:46.474894+00:00,1904600011178,11.07,Bueno,12.15,Bueno,interpolacion_delaunay,0,2288,137,771,142
2026-10-05T00:09:46.474894+00:00,1904600011182,10.78,Bueno,11.82,Bueno,interpolacion_delaunay,0,2567,158,877,192
2026-10-05T00:09:46.474894+00:00,1904600011197,10.74,Bueno,11.74,Bueno,interpolacion_delaunay,0,2285,129,707,149
2026-10-05T00:09:46.474894+00:00,1904600011214,11.74,Bueno,12.95,Bueno,interpolacion_delaunay,0,2395,153,608,159
2026-10-05T00:09:46.474894+00:00,1904600011229,12.16,Bueno,13.4,Bueno,interpolacion_delaunay,0,3808,341,729,252
2026-10-05T00:09:46.474894+00:00,1904600011248,11.23,Bueno,12.33,Bueno,interpolacion_delaunay,0,3448,233,731,165
2026-10-05T00:09:46.474894+00:00,1904600011252,12.77,Bueno,14.03,Bueno,interpolacion_delaunay,0,3638,249,902,255
2026-10-05T00:09:46.474894+00:00,1904600011271,12.81,Bueno,14.01,Bueno,interpolacion_delaunay,0,3393,200,1049,183
2026-10-05T00:09:46.474894+00:00,1904600011290,9.71,Bueno,10.87,Bueno,interpolacion_delaunay,0,3613,204,959,164
2026-10-05T00:09:46.474894+00:00,1904600011303,10.08,Bueno,11.29,Bueno,interpolacion_delaunay,0,4255,296,730,120
2026-10-05T00:09:46.474894+00:00,1904600011318,8.2,Bueno,9.1,Bueno,promedio_sensores,1,2617,117,712,78
2026-10-05T00:09:46.474894+00:00,1904600011322,8.37,Bueno,9.29,Bueno,interpolacion_delaunay,0,3209,131,1071,177
2026-10-05T00:09:46.474894+00:00,1904600011356,10.53,Bueno,11.59,Bueno,interpolacion_delaunay,0,5344,302,754,186
2026-10-05T00:09:46.474894+00:00,190460001138A,8.83,Bueno,9.92,Bueno,interpolacion_delaunay,0,2330,116,772,143
2026-10-05T00:09:46.474894+00:00,1904600011394,7.95,Bueno,8.82,Bueno,interpolacion_delaunay,0,2495,152,536,127
2026-10-05T00:09:46.474894+00:00,1904600011430,9.52,Bueno,10.56,Bueno,interpolacion_delaunay,0,4835,297,977,195
2026-10-05T00:09:46.474894+00:00,1904600011445,11.37,Bueno,12.4,Bueno,interpolacion_delaunay,0,2396,140,277,35
2026-10-05T00:09:46.474894+00:00,190460001145A,11.98,Bueno,13.08,Bueno,interpolacion_delaunay,0,4010,242,623,75
2026-10-05T00:09:46.474894+00:00,1904600011464,11.11,Bueno,12.36,Bueno,interpolacion_delaunay,0,3269,192,527,50
2026-10-05T00:09:46.474894+00:00,1904600011479,10.04,Bueno,11.15,Bueno,interpolacion_delaunay,0,2267,102,540,81
2026-10-05T00:09:46.474894+00:00,1904600011500,10.52,Bueno,11.86,Bueno,interpolacion_delaunay,0,4575,375,784,254
2026-10-05T00:09:46.474894+00:00,1904600011515,10.39,Bueno,11.68,Bueno,interpolacion_delaunay,0,1791,111,314,102
2026-10-05T00:09:46.474894+00:00,190460001152A,10.63,Bueno,11.9,Bueno,interpolacion_delaunay,0,3396,254,719,167
2026-10-05T00:09:46.474894+00:00,1904600011534,10.84,Bueno,12.13,Bueno,interpolacion_delaunay,0,5740,487,560,132
2026-10-05T00:09:46.474894+00:00,1904600011549,8.4,Bueno,9.32,Bueno,interpolacion_delaunay,0,4515,263,831,205
2026-10-05T00:09:46.474894+00:00,1904600011568,11.07,Bueno,12.27,Bueno,interpolacion_delaunay,0,4996,283,463,138
2026-10-05T00:09:46.474894+00:00,1904600011572,11.29,Bueno,12.49,Bueno,interpolacion_delaunay,0,4541,345,482,121
2026-10-05T00:09:46.474894+00:00,1904600011587,10.98,Bueno,12.17,Bueno,interpolacion_delaunay,0,2786,153,244,33
2026-10-05T00:09:46.474894+00:00,1904600011591,11.03,Bueno,12.2,Bueno,interpolacion_delaunay,0,3387,245,335,48
2026-10-05T00:09:46.474894+00:00,1904600011604,11.54,Bueno,12.63,Bueno,interpolacion_delaunay,0,3298,256,771,245
2026-10-05T00:09:46.474894+00:00,1904600011619,12.46,Bueno,13.65,Bueno,interpolacion_delaunay,0,3765,260,958,269
2026-10-05T00:09:46.474894+00:00,1904600011657,9.09,Bueno,10.16,Bueno,interpolacion_delaunay,0,3567,176,481,50
2026-10-05T00:09:46.474894+00:00,1904600011661,9.55,Bueno,10.59,Bueno,interpolacion_delaunay,0,282,11,66,6
2026-10-05T00:09:46.474894+00:00,1904600011727,7.96,Bueno,8.91,Bueno,interpolacion_delaunay,0,3412,179,655,144
2026-10-05T00:09:46.474894+00:00,1904600011746,9.2,Bueno,10.18,Bueno,interpolacion_delaunay,0,3218,196,815,117
2026-10-05T00:09:46.474894+00:00,1904600011750,9.92,Bueno,10.98,Bueno,interpolacion_delaunay,0,4162,197,210,54
2026-10-05T00:09:46.474894+00:00,1904600011765,40.49,Mala,49.98,Aceptable,interpolacion_delaunay,0,3860,405,397,208
2026-10-05T00:09:46.474894+00:00,1904600010663,9.89,Bueno,10.85,Bueno,interpolacion_delaunay,0,198,8,27,0
2026-10-05T00:09:46.474894+00:00,1904600010926,10.9,Bueno,12.3,Bueno,interpolacion_delaunay,0,5007,437,867,291
2026-10-05T00:09:46.474894+00:00,1904600010339,13.6,Bueno,14.98,Bueno,interpolacion_delaunay,0,1314,68,335,78
2026-10-05T00:09:46.474894+00:00,1904600011267,13.54,Bueno,14.89,Bueno,interpolacion_delaunay,0,3908,248,1102,331
2026-10-05T00:09:46.474894+00:00,1904600011712,12.17,Bueno,13.32,Bueno,interpolacion_delaunay,0,3272,182,300,58
2026-10-05T00:09:46.474894+00:00,1904600010447,9.54,Bueno,10.83,Bueno,interpolacion_delaunay,0,4132,230,437,113
2026-10-05T00:09:46.474894+00:00,1904600011498,7.1,Bueno,7.85,Bueno,interpolacion_delaunay,0,3212,141,667,65
2026-10-05T00:09:46.474894+00:00,1904600010682,11.49,Bueno,12.65,Bueno,interpolacion_delaunay,0,6498,485,714,113
2026-10-05T00:09:46.474894+00:00,1903100450393,18.46,Aceptable,19.9,Bueno,interpolacion_delaunay,0,4470,331,183,115
2026-10-05T00:09:46.474894+00:00,1903100451090,19.24,Aceptable,21.27,Bueno,interpolacion_delaunay,0,3117,391,133,67
2026-10-05T00:09:46.474894+00:00,1903100010340,17.35,Aceptable,19.6,Bueno,interpolacion_delaunay,0,3444,349,252,192
2026-10-05T00:09:46.474894+00:00,1903100450641,28.31,Aceptable,33.17,Bueno,interpolacion_delaunay,0,1572,92,57,77
2026-10-05T00:09:46.474894+00:00,1903100451086,19.13,Aceptable,21.16,Bueno,interpolacion_delaunay,0,3582,470,173,24
2026-10-05T00:09:46.474894+00:00,190310311171A,19.61,Aceptable,21.58,Bueno,interpolacion_delaunay,0,1226,184,39,41
2026-10-05T00:09:46.474894+00:00,1903100450088,33.68,Mala,40.61,Bueno,interpolacion_delaunay,0,106,4,27,5
2026-10-05T00:09:46.474894+00:00,1903100450321,19.01,Aceptable,20.77,Bueno,interpolacion_delaunay,0,781,65,43,66
2026-10-05T00:09:46.474894+00:00,1903100450656,18.32,Aceptable,19.5,Bueno,interpolacion_delaunay,0,6656,512,216,203
2026-10-05T00:09:46.474894+00:00,1903100451461,16.7,Aceptable,17.72,Bueno,interpolacion_delaunay,0,215,36,0,4
2026-10-05T00:09:46.474894+00:00,1903100451391,17.39,Aceptable,18.35,Bueno,interpolacion_delaunay,0,400,41,11,20
2026-10-05T00:09:46.474894+00:00,190310001068A,18.2,Aceptable,20.7,Bueno,promedio_sensores,1,5585,402,158,107
2026-10-05T00:09:46.474894+00:00,1903100010872,18.48,Aceptable,20.84,Bueno,interpolacion_delaunay,0,2902,333,115,45
2026-10-05T00:09:46.474894+00:00,1903100450266,16.87,Aceptable,18.18,Bueno,interpolacion_delaunay,0,3518,300,297,140
2026-10-05T00:09:46.474894+00:00,1903100451211,19.71,Aceptable,21.39,Bueno,interpolacion_delaunay,0,318,31,15,12
2026-10-05T00:09:46.474894+00:00,1903100450105,16.23,Aceptable,17.71,Bueno,interpolacion_delaunay,0,617,53,101,42
2026-10-05T00:09:46.474894+00:00,1903100450533,16.31,Aceptable,17.43,Bueno,interpolacion_delaunay,0,112,19,4,0
2026-10-05T00:09:46.474894+00:00,1903100450834,17.13,Aceptable,18.26,Bueno,interpolacion_delaunay,0,5335,620,158,133
2026-10-05T00:09:46.474894+00:00,1903100451122,18.78,Aceptable,19.82,Bueno,interpolacion_delaunay,0,4196,367,129,124
2026-10-05T00:09:46.474894+00:00,1903100451118,17.03,Aceptable,18.04,Bueno,interpolacion_delaunay,0,1143,149,65,58
2026-10-05T00:09:46.474894+00:00,1903100450092,17.75,Aceptable,19.39,Bueno,interpolacion_delaunay,0,5801,601,614,240
2026-10-05T00:09:46.474894+00:00,190310001036A,17.63,Aceptable,19.83,Bueno,interpolacion_delaunay,0,2196,166,139,77
2026-10-05T00:09:46.474894+00:00,1903100011264,18.66,Aceptable,20.97,Bueno,interpolacion_delaunay,0,166,15,10,4
2026-10-05T00:09:46.474894+00:00,1903100011692,18.37,Aceptable,20.5,Bueno,interpolacion_delaunay,0,1994,254,42,57
2026-10-05T00:09:46.474894+00:00,1903100450675,18.4,Aceptable,19.7,Bueno,interpolacion_delaunay,0,2985,254,121,65
2026-10-05T00:09:46.474894+00:00,1903100450815,19.22,Aceptable,21.18,Bueno,interpolacion_delaunay,0,5183,452,347,124
2026-10-05T00:09:46.474894+00:00,1903100450887,19.17,Aceptable,20.73,Bueno,interpolacion_delaunay,0,626,73,50,23
2026-10-05T00:09:46.474894+00:00,1903100450891,20.12,Aceptable,21.62,Bueno,interpolacion_delaunay,0,3371,329,210,148
2026-10-05T00:09:46.474894+00:00,1903100450904,20.1,Aceptable,21.5,Bueno,interpolacion_delaunay,0,2284,216,156,77
2026-10-05T00:09:46.474894+00:00,1903100451438,19.3,Aceptable,21.2,Bueno,promedio_sensores,1,489,62,15,5
2026-10-05T00:09:46.474894+00:00,1903100451442,20.55,Aceptable,21.87,Bueno,interpolacion_delaunay,0,530,59,19,6
2026-10-05T00:09:46.474894+00:00,1903100451828,20.44,Aceptable,22.02,Bueno,interpolacion_delaunay,0,1268,201,24,22
2026-10-05T00:09:46.474894+00:00,1903103131616,21.02,Aceptable,21.99,Bueno,interpolacion_delaunay,0,3396,460,75,104
2026-10-05T00:09:46.474894+00:00,1903100451103,19.98,Aceptable,21.26,Bueno,interpolacion_delaunay,0,1939,184,111,81
2026-10-05T00:09:46.474894+00:00,1903103131601,21.1,Aceptable,22.15,Bueno,interpolacion_delaunay,0,3536,417,97,62
2026-10-05T00:09:46.474894+00:00,1903100451226,19.39,Aceptable,20.53,Bueno,interpolacion_delaunay,0,2587,267,90,42
2026-10-05T00:09:46.474894+00:00,1903103111512,20.84,Aceptable,22.32,Bueno,interpolacion_delaunay,0,2486,240,126,82
2026-10-05T00:09:46.474894+00:00,1903100451635,16.73,Aceptable,17.63,Bueno,interpolacion_delaunay,0,3621,518,70,103
2026-10-05T00:09:46.474894+00:00,1903103131300,22.4,Aceptable,23.4,Bueno,promedio_sensores,1,4074,495,120,80
2026-10-05T00:09:46.474894+00:00,1903103111508,20.1,Aceptable,21.91,Bueno,interpolacion_delaunay,0,3724,412,113,64
2026-10-05T00:09:46.474894+00:00,1903100451387,17.37,Aceptable,18.43,Bueno,interpolacion_delaunay,0,1540,218,34,55
2026-10-05T00:09:46.474894+00:00,1903100452101,15.9,Aceptable,16.74,Bueno,interpolacion_delaunay,0,1249,214,20,18
2026-10-05T00:09:46.474894+00:00,1903100451283,17.69,Aceptable,18.56,Bueno,interpolacion_delaunay,0,3230,373,88,78
2026-10-05T00:09:46.474894+00:00,1903103111527,20.51,Aceptable,22.14,Bueno,interpolacion_delaunay,0,1682,145,143,89
2026-10-05T00:09:46.474894+00:00,1903100452402,16.84,Aceptable,17.63,Bueno,interpolacion_delaunay,0,0,0,0,0
