sensor_index,name,timestamp,pm1_0,pm2_5,pm10_0
278863,Rio Balsas,2026-10-01T00:37:15.398809+00:00,23.2,33.1,37.1
278869,Veredalta,2026-10-01T00:37:15.398809+00:00,23.8,33.3,37.6
278871,Parroquia Reina de Los Ángeles,2026-10-01T00:37:15.398809+00:00,22.5,32.9,38.3
278875,Secretaría de Relaciones Exteriores,2026-10-01T00:37:15.398809+00:00,22.2,31.4,35.1
278883,Mater International Institute,2026-10-01T00:37:15.398809+00:00,25.2,36.4,44.0
278889,Chipinque Meseta,2026-10-01T00:37:15.398809+00:00,10.5,16.8,18.5
278901,OFICINAS SAN PEDRO PARQUES,2026-10-01T00:37:15.398809+00:00,26.1,36.1,45.2
278919,Residencia Tabachín,2026-10-01T00:37:15.398809+00:00,18.7,28.2,30.8
278929,Rio Caura,2026-10-01T00:37:15.398809+00:00,23.2,34.4,40.0
278931,Residencia Platon,2026-10-01T00:37:15.398809+00:00,23.6,34.1,40.2
278937,Residencia Saqqara,2026-10-01T00:37:15.398809+00:00,22.1,32.2,35.6
278939,Residencia Rio Rosas,2026-10-01T00:37:15.398809+00:00,22.4,31.9,37.2
278957,Los Pinos,2026-10-01T00:37:15.398809+00:00,16.4,25.7,26.9
278959,Colegio Nobel,2026-10-01T00:37:15.398809+00:00,25.0,36.7,43.1
278955,Residencia San Mateo,2026-10-01T00:37:15.398809+00:00,19.5,25.3,27.7
279836,San Roberto International School San Agustin,2026-10-01T00:37:15.398809+00:00,21.4,30.5,32.3
279854,Pinos,2026-10-01T00:37:15.398809+00:00,22.2,28.2,28.6
279866,Lomas del Campestre,2026-10-01T00:37:15.398809+00:00,22.2,31.6,35.5
279890,María Desatadora de Nudos,2026-10-01T00:37:15.398809+00:00,16.2,22.5,23.2
279926,Parque Mississippi,2026-10-01T00:37:15.398809+00:00,1.5,1.8,1.8
280524,Privada Paso de la Sierra,2026-10-01T00:37:15.398809+00:00,23.9,32.7,37.4
280520,Irish International School Campus First School,2026-10-01T00:37:15.398809+00:00,25.1,34.6,40.6
280532,Museo La Milarca,2026-10-01T00:37:15.398809+00:00,22.8,30.0,32.4
280534,Residencia Savotino,2026-10-01T00:37:15.398809+00:00,23.2,33.0,37.9
280644,Residencia nogal,2026-10-01T00:37:15.398809+00:00,13.7,19.8,21.9
280900,Rio Necaxa,2026-10-01T00:37:15.398809+00:00,25.2,36.2,43.0
280902,Residencia Rio Pesqueria,2026-10-01T00:37:15.398809+00:00,25.4,35.2,40.3
284960,Esquina Barranquilla y Patagonia (Altavista),2026-10-01T00:37:15.398809+00:00,24.5,33.4,39.8
285170,Residencias XII,2026-10-01T00:37:15.398809+00:00,27.1,36.3,43.8
286240,Casa Naranjos,2026-10-01T00:37:15.398809+00:00,25.4,33.7,39.4
288064,Terminal,2026-10-01T00:37:15.398809+00:00,27.1,37.1,45.1
288066,Hospital de San Vicente,2026-10-01T00:37:15.398809+00:00,27.7,37.4,46.0
288332,Facultad de Salud Pública y Nutrición,2026-10-01T00:37:15.398809+00:00,25.5,35.4,42.2
292893,TEC-AMM-RB-005,2026-10-01T00:37:15.398809+00:00,25.7,36.7,45.4
292895,TEC-AMM-RD-004,2026-10-01T00:37:15.398809+00:00,29.8,42.5,54.0
292889,TEC-AMM-RB-003,2026-10-01T00:37:15.398809+00:00,29.9,42.7,53.9
292891,TEC-AMM-RC-004,2026-10-01T00:37:15.398809+00:00,31.9,45.3,58.5
292897,TEC-AMM-RF-005,2026-10-01T00:37:15.398809+00:00,33.1,47.5,61.8
292905,TEC-AMM-RC-006,2026-10-01T00:37:15.398809+00:00,29.9,41.0,49.2
292943,TEC-AMM-RC-005,2026-10-01T00:37:15.398809+00:00,33.3,48.0,63.8
292939,TEC-AMM-RA-001,2026-10-01T00:37:15.398809+00:00,25.3,35.2,43.8
292949,TEC-AMM-RA-003,2026-10-01T00:37:15.398809+00:00,22.8,31.0,34.5
292951,TEC-AMM-RB-004,2026-10-01T00:37:15.398809+00:00,23.2,32.9,37.2
292947,TEC-AMM-RA-004,2026-10-01T00:37:15.398809+00:00,25.1,33.7,39.4
292957,TEC-AMM-RC-008,2026-10-01T00:37:15.398809+00:00,29.9,43.7,55.1
292973,TEC-AMM-RC-003,2026-10-01T00:37:15.398809+00:00,32.5,47.7,60.4
292997,TEC-AMM-RF-004,2026-10-01T00:37:15.398809+00:00,28.3,40.0,49.3
292999,TEC-AMM-RE-002,2026-10-01T00:37:15.398809+00:00,31.5,44.4,56.9
293001,TEC-AMM-RF-006,2026-10-01T00:37:15.398809+00:00,26.1,36.8,45.2
293003,TEC-AMM-RB-006,2026-10-01T00:37:15.398809+00:00,26.8,37.0,45.7
293469,Leon Ortigosa ABP,2026-10-01T00:37:15.398809+00:00,1.2,1.6,2.3
293465,Loma Larga,2026-10-01T00:37:15.398809+00:00,10.1,12.5,13.1
293467,UMF37,2026-10-01T00:37:15.398809+00:00,21.9,30.3,33.0
33027,Lagos del Bosque,2026-10-01T00:37:15.398809+00:00,0.2,0.3,0.3
33117,Liceo de Monterrey,2026-10-01T00:37:15.398809+00:00,23.1,37.0,41.9
34441,Callejon de los Ayala,2026-10-01T00:37:15.398809+00:00,4.9,8.1,10.6
34499,San Patricio #106,2026-10-01T00:37:15.398809+00:00,0.3,0.3,0.3
34511,Rosario,2026-10-01T00:37:15.398809+00:00,12.6,24.2,25.5
38663,Rayon Norte,2026-10-01T00:37:15.398809+00:00,4.2,5.4,6.2
42211,RF,2026-10-01T00:37:15.398809+00:00,15.6,22.8,23.9
305140,Bicla,2026-10-01T00:37:15.398809+00:00,26.1,38.2,46.8
305164,NuevaMaderoDave,2026-10-01T00:37:15.398809+00:00,26.4,38.0,46.4
305192,11a avenida cumbres 1 sector,2026-10-01T00:37:15.398809+00:00,25.1,34.2,39.4
305232,PurpleAir Ancira Mty,2026-10-01T00:37:15.398809+00:00,27.3,38.8,48.4
43627,Liceo de Monterrey Rosemont,2026-10-01T00:37:15.398809+00:00,145.6,148.6,152.0
45769,Huascaran,2026-10-01T00:37:15.398809+00:00,14.1,22.9,24.0
308956,Jardín de las carreras,2026-10-01T00:37:15.398809+00:00,26.5,37.6,46.0
49949,El Horizonte,2026-10-01T00:37:15.398809+00:00,20.9,33.7,39.7
50555,Treviño,2026-10-01T00:37:15.398809+00:00,0.0,0.0,0.0
50871,TEC Garza Laguera,2026-10-01T00:37:15.398809+00:00,9.4,12.9,13.0
321194,Ramsesgs,2026-10-01T00:37:15.398809+00:00,25.7,36.6,42.5
119937,Grupo Reforma Cumbres,2026-10-01T00:37:15.398809+00:00,10.0,22.2,23.8
119965,Grupo Reforma El Norte,2026-10-01T00:37:15.398809+00:00,17.3,25.2,30.2
121719,GrupoReforma La Silla,2026-10-01T00:37:15.398809+00:00,18.4,29.1,32.3
136522,Bosques de La Pastora,2026-10-01T00:37:15.398809+00:00,20.4,33.0,38.0
147010,Santa Barbara,2026-10-01T00:37:15.398809+00:00,16.8,25.2,30.2
174781,Colegio Cambridge de Monterrey Campus Mitras,2026-10-01T00:37:15.398809+00:00,26.7,36.2,43.3
174787,Colegio Cambridge de Monterrey Campus Norte,2026-10-01T00:37:15.398809+00:00,78.7,86.1,94.1
189431,BEA,2026-10-01T00:37:15.398809+00:00,20.8,32.6,35.8
189435,Olinalá,2026-10-01T00:37:15.398809+00:00,30.2,50.7,62.0
189447,Río Amazonas NO,2026-10-01T00:37:15.398809+00:00,22.4,34.5,38.3
189455,CHIPINQUE CAV,2026-10-01T00:37:15.398809+00:00,12.3,20.7,21.4
189469,Hospital Zambran Hellion TecSalud,2026-10-01T00:37:15.398809+00:00,20.2,32.5,35.9
208785,Colegio Cambridge de Monterrey Campus Anáhuac,2026-10-01T00:37:15.398809+00:00,29.4,39.7,49.0
209147,Rincon de San Jeronimo,2026-10-01T00:37:15.398809+00:00,19.8,31.5,33.5
227879,Rectoria,2026-10-01T00:37:15.398809+00:00,23.6,32.7,38.1
227887,Sensor_Purple_Air-Explanada_EGP-Entrada_Prin,2026-10-01T00:37:15.398809+00:00,2.7,3.7,4.6
227889,Parque central,2026-10-01T00:37:15.398809+00:00,23.8,31.8,36.4
227907,Estacionamiento Alumnos,2026-10-01T00:37:15.398809+00:00,25.4,35.8,45.0
227913,EGADE-Sombrillas,2026-10-01T00:37:15.398809+00:00,23.9,34.3,41.7
228003,EGL-Jardín Robótica,2026-10-01T00:37:15.398809+00:00,22.3,33.2,39.3
228001,C-MTY Explanada 2,2026-10-01T00:37:15.398809+00:00,32.9,49.7,60.6
228383,Estadio Banorte,2026-10-01T00:37:15.398809+00:00,27.6,38.0,45.8
228381,C-MTY RAMPA CAFETERÍA,2026-10-01T00:37:15.398809+00:00,22.9,33.2,37.9
228389,PEGS-Sensor-Canchas,2026-10-01T00:37:15.398809+00:00,23.0,31.2,35.1
228407,CEDES,2026-10-01T00:37:15.398809+00:00,24.6,32.5,37.8
228555,EGL-JARDÍN ROB,2026-10-01T00:37:15.398809+00:00,26.6,37.5,45.9
278863,Rio Balsas,2026-10-01T06:33:00.298329+00:00,19.5,26.8,27.6
278869,Veredalta,2026-10-01T06:33:00.298329+00:00,19.4,27.3,29.0
278871,Parroquia Reina de Los Ángeles,2026-10-01T06:33:00.298329+00:00,18.7,26.9,30.0
278875,Secretaría de Relaciones Exteriores,2026-10-01T06:33:00.298329+00:00,17.6,24.7,26.7
278883,Mater International Institute,2026-10-01T06:33:00.298329+00:00,18.9,27.0,29.4
278889,Chipinque Meseta,2026-10-01T06:33:00.298329+00:00,18.4,29.6,32.8
278901,OFICINAS SAN PEDRO PARQUES,2026-10-01T06:33:00.298329+00:00,20.1,27.8,29.3
278919,Residencia Tabachín,2026-10-01T06:33:00.298329+00:00,16.2,24.7,27.3
278929,Rio Caura,2026-10-01T06:33:00.298329+00:00,18.8,28.8,31.9
278931,Residencia Platon,2026-10-01T06:33:00.298329+00:00,22.1,31.9,36.2
278937,Residencia Saqqara,2026-10-01T06:33:00.298329+00:00,16.3,23.1,24.1
278939,Residencia Rio Rosas,2026-10-01T06:33:00.298329+00:00,18.2,24.8,26.5
278957,Los Pinos,2026-10-01T06:33:00.298329+00:00,12.1,19.8,20.6
278959,Colegio Nobel,2026-10-01T06:33:00.298329+00:00,18.8,28.5,30.3
278955,Residencia San Mateo,2026-10-01T06:33:00.298329+00:00,13.9,18.0,19.7
279836,San Roberto International School San Agustin,2026-10-01T06:33:00.298329+00:00,18.6,26.7,28.5
279854,Pinos,2026-10-01T06:33:00.298329+00:00,15.4,18.5,19.0
279866,Lomas del Campestre,2026-10-01T06:33:00.298329+00:00,19.3,27.7,29.2
279890,María Desatadora de Nudos,2026-10-01T06:33:00.298329+00:00,22.3,31.5,34.7
279926,Parque Mississippi,2026-10-01T06:33:00.298329+00:00,1.5,1.8,1.8
280524,Privada Paso de la Sierra,2026-10-01T06:33:00.298329+00:00,18.5,24.6,26.1
280520,Irish International School Campus First School,2026-10-01T06:33:00.298329+00:00,20.3,28.4,31.5
280532,Museo La Milarca,2026-10-01T06:33:00.298329+00:00,17.4,21.8,22.6
280534,Residencia Savotino,2026-10-01T06:33:00.298329+00:00,19.3,27.1,27.7
280644,Residencia nogal,2026-10-01T06:33:00.298329+00:00,19.6,29.3,33.0
280900,Rio Necaxa,2026-10-01T06:33:00.298329+00:00,18.7,26.4,27.6
280902,Residencia Rio Pesqueria,2026-10-01T06:33:00.298329+00:00,20.0,27.5,28.5
284960,Esquina Barranquilla y Patagonia (Altavista),2026-10-01T06:33:00.298329+00:00,19.0,24.9,26.8
285170,Residencias XII,2026-10-01T06:33:00.298329+00:00,19.4,24.5,26.6
286240,Casa Naranjos,2026-10-01T06:33:00.298329+00:00,18.5,23.4,25.0
288064,Terminal,2026-10-01T06:33:00.298329+00:00,19.4,25.6,29.2
288066,Hospital de San Vicente,2026-10-01T06:33:00.298329+00:00,19.5,25.3,28.5
288332,Facultad de Salud Pública y Nutrición,2026-10-01T06:33:00.298329+00:00,19.5,27.1,29.1
292893,TEC-AMM-RB-005,2026-10-01T06:33:00.298329+00:00,18.7,26.2,29.2
292895,TEC-AMM-RD-004,2026-10-01T06:33:00.298329+00:00,19.1,24.4,26.7
292889,TEC-AMM-RB-003,2026-10-01T06:33:00.298329+00:00,18.1,24.5,26.5
292891,TEC-AMM-RC-004,2026-10-01T06:33:00.298329+00:00,19.1,23.8,26.6
292897,TEC-AMM-RF-005,2026-10-01T06:33:00.298329+00:00,19.6,27.1,31.1
292905,TEC-AMM-RC-006,2026-10-01T06:33:00.298329+00:00,18.0,21.8,25.0
292943,TEC-AMM-RC-005,2026-10-01T06:33:00.298329+00:00,20.4,27.6,31.8
292939,TEC-AMM-RA-001,2026-10-01T06:33:00.298329+00:00,18.5,25.0,28.8
292949,TEC-AMM-RA-003,2026-10-01T06:33:00.298329+00:00,18.7,25.3,28.7
292951,TEC-AMM-RB-004,2026-10-01T06:33:00.298329+00:00,16.6,23.8,26.2
292947,TEC-AMM-RA-004,2026-10-01T06:33:00.298329+00:00,20.6,28.2,31.7
292957,TEC-AMM-RC-008,2026-10-01T06:33:00.298329+00:00,18.9,24.4,26.1
292973,TEC-AMM-RC-003,2026-10-01T06:33:00.298329+00:00,17.7,23.5,24.7
292997,TEC-AMM-RF-004,2026-10-01T06:33:00.298329+00:00,16.7,22.4,25.7
292999,TEC-AMM-RE-002,2026-10-01T06:33:00.298329+00:00,20.7,28.1,32.7
293001,TEC-AMM-RF-006,2026-10-01T06:33:00.298329+00:00,17.7,25.3,28.8
293003,TEC-AMM-RB-006,2026-10-01T06:33:00.298329+00:00,19.8,26.5,28.6
293469,Leon Ortigosa ABP,2026-10-01T06:33:00.298329+00:00,1.2,1.6,2.3
293465,Loma Larga,2026-10-01T06:33:00.298329+00:00,10.1,12.5,13.1
293467,UMF37,2026-10-01T06:33:00.298329+00:00,17.0,23.5,25.5
33027,Lagos del Bosque,2026-10-01T06:33:00.298329+00:00,0.0,0.0,0.0
33117,Liceo de Monterrey,2026-10-01T06:33:00.298329+00:00,19.3,30.4,33.5
34441,Callejon de los Ayala,2026-10-01T06:33:00.298329+00:00,2.6,5.9,7.0
34499,San Patricio #106,2026-10-01T06:33:00.298329+00:00,0.0,0.0,0.0
34511,Rosario,2026-10-01T06:33:00.298329+00:00,13.9,25.2,26.8
38663,Rayon Norte,2026-10-01T06:33:00.298329+00:00,4.2,5.4,6.2
42211,RF,2026-10-01T06:33:00.298329+00:00,10.5,14.4,16.8
305140,Bicla,2026-10-01T06:33:00.298329+00:00,19.2,27.8,30.4
305164,NuevaMaderoDave,2026-10-01T06:33:00.298329+00:00,18.8,26.8,28.9
305192,11a avenida cumbres 1 sector,2026-10-01T06:33:00.298329+00:00,18.2,24.9,27.9
305232,PurpleAir Ancira Mty,2026-10-01T06:33:00.298329+00:00,19.8,27.7,29.4
43627,Liceo de Monterrey Rosemont,2026-10-01T06:33:00.298329+00:00,18.9,21.0,31.6
45769,Huascaran,2026-10-01T06:33:00.298329+00:00,14.5,22.8,24.1
308956,Jardín de las carreras,2026-10-01T06:33:00.298329+00:00,19.2,27.1,29.2
49949,El Horizonte,2026-10-01T06:33:00.298329+00:00,13.6,22.9,24.2
50555,Treviño,2026-10-01T06:33:00.298329+00:00,0.0,0.0,0.0
50871,TEC Garza Laguera,2026-10-01T06:33:00.298329+00:00,9.4,12.9,13.0
321194,Ramsesgs,2026-10-01T06:33:00.298329+00:00,20.7,29.2,30.8
119937,Grupo Reforma Cumbres,2026-10-01T06:33:00.298329+00:00,4.2,9.6,12.7
119965,Grupo Reforma El Norte,2026-10-01T06:33:00.298329+00:00,12.1,17.4,18.0
121719,GrupoReforma La Silla,2026-10-01T06:33:00.298329+00:00,6.9,18.0,19.4
136522,Bosques de La Pastora,2026-10-01T06:33:00.298329+00:00,6.4,17.2,17.7
147010,Santa Barbara,2026-10-01T06:33:00.298329+00:00,11.8,18.0,22.2
174781,Colegio Cambridge de Monterrey Campus Mitras,2026-10-01T06:33:00.298329+00:00,17.6,22.4,23.7
174787,Colegio Cambridge de Monterrey Campus Norte,2026-10-01T06:33:00.298329+00:00,64.8,66.6,70.0
189431,BEA,2026-10-01T06:33:00.298329+00:00,15.3,25.4,25.8
189435,Olinalá,2026-10-01T06:33:00.298329+00:00,18.3,29.3,30.2
189447,Río Amazonas NO,2026-10-01T06:33:00.298329+00:00,21.4,32.6,35.8
189455,CHIPINQUE CAV,2026-10-01T06:33:00.298329+00:00,9.4,16.6,17.0
189469,Hospital Zambran Hellion TecSalud,2026-10-01T06:33:00.298329+00:00,15.3,24.8,26.3
208785,Colegio Cambridge de Monterrey Campus Anáhuac,2026-10-01T06:33:00.298329+00:00,18.0,21.6,23.1
209147,Rincon de San Jeronimo,2026-10-01T06:33:00.298329+00:00,15.6,24.8,26.0
227879,Rectoria,2026-10-01T06:33:00.298329+00:00,17.4,23.3,23.9
227887,Sensor_Purple_Air-Explanada_EGP-Entrada_Prin,2026-10-01T06:33:00.298329+00:00,2.7,3.7,4.6
227889,Parque central,2026-10-01T06:33:00.298329+00:00,16.4,20.7,21.5
227907,Estacionamiento Alumnos,2026-10-01T06:33:00.298329+00:00,13.7,18.1,19.6
227913,EGADE-Sombrillas,2026-10-01T06:33:00.298329+00:00,19.5,28.2,30.0
228003,EGL-Jardín Robótica,2026-10-01T06:33:00.298329+00:00,17.5,23.7,25.7
228001,C-MTY Explanada 2,2026-10-01T06:33:00.298329+00:00,20.3,29.1,30.3
228383,Estadio Banorte,2026-10-01T06:33:00.298329+00:00,19.7,25.9,27.0
228381,C-MTY RAMPA CAFETERÍA,2026-10-01T06:33:00.298329+00:00,18.3,25.9,28.4
228389,PEGS-Sensor-Canchas,2026-10-01T06:33:00.298329+00:00,20.5,27.4,29.2
228407,CEDES,2026-10-01T06:33:00.298329+00:00,16.9,20.4,21.3
228555,EGL-JARDÍN ROB,2026-10-01T06:33:00.298329+00:00,18.2,25.9,28.8
278863,Rio Balsas,2026-10-01T13:53:58.557424+00:00,26.1,37.9,45.1
278869,Veredalta,2026-10-01T13:53:58.557424+00:00,26.6,38.4,47.6
278871,Parroquia Reina de Los Ángeles,2026-10-01T13:53:58.557424+00:00,23.4,34.2,43.2
278875,Secretaría de Relaciones Exteriores,2026-10-01T13:53:58.557424+00:00,24.4,36.2,44.2
278883,Mater International Institute,2026-10-01T13:53:58.557424+00:00,26.2,38.2,46.4
278889,Chipinque Meseta,2026-10-01T13:53:58.557424+00:00,10.1,16.3,17.1
278901,OFICINAS SAN PEDRO PARQUES,2026-10-01T13:53:58.557424+00:00,26.5,37.5,48.3
278919,Residencia Tabachín,2026-10-01T13:53:58.557424+00:00,19.5,29.9,34.7
278929,Rio Caura,2026-10-01T13:53:58.557424+00:00,26.5,40.7,51.0
278931,Residencia Platon,2026-10-01T13:53:58.557424+00:00,25.9,38.9,49.1
278937,Residencia Saqqara,2026-10-01T13:53:58.557424+00:00,22.6,32.6,37.5
278939,Residencia Rio Rosas,2026-10-01T13:53:58.557424+00:00,25.0,35.7,45.1
278957,Los Pinos,2026-10-01T13:53:58.557424+00:00,19.6,32.0,42.3
278959,Colegio Nobel,2026-10-01T13:53:58.557424+00:00,26.5,40.0,49.1
278955,Residencia San Mateo,2026-10-01T13:53:58.557424+00:00,21.4,28.7,34.3
279836,San Roberto International School San Agustin,2026-10-01T13:53:58.557424+00:00,24.1,35.0,42.0
279854,Pinos,2026-10-01T13:53:58.557424+00:00,23.5,31.3,35.0
279866,Lomas del Campestre,2026-10-01T13:53:58.557424+00:00,26.1,37.7,46.7
279890,María Desatadora de Nudos,2026-10-01T13:53:58.557424+00:00,26.6,40.5,52.1
279926,Parque Mississippi,2026-10-01T13:53:58.557424+00:00,1.5,1.8,1.8
280524,Privada Paso de la Sierra,2026-10-01T13:53:58.557424+00:00,26.0,35.6,42.7
280520,Irish International School Campus First School,2026-10-01T13:53:58.557424+00:00,24.9,34.9,43.2
280532,Museo La Milarca,2026-10-01T13:53:58.557424+00:00,24.7,33.7,40.7
280534,Residencia Savotino,2026-10-01T13:53:58.557424+00:00,27.0,38.9,48.1
280644,Residencia nogal,2026-10-01T13:53:58.557424+00:00,14.6,21.9,25.2
280900,Rio Necaxa,2026-10-01T13:53:58.557424+00:00,26.9,38.8,47.4
280902,Residencia Rio Pesqueria,2026-10-01T13:53:58.557424+00:00,27.8,39.6,48.9
284960,Esquina Barranquilla y Patagonia (Altavista),2026-10-01T13:53:58.557424+00:00,38.0,54.3,72.3
285170,Residencias XII,2026-10-01T13:53:58.557424+00:00,29.2,39.7,51.9
286240,Casa Naranjos,2026-10-01T13:53:58.557424+00:00,27.9,38.5,47.7
288064,Terminal,2026-10-01T13:53:58.557424+00:00,25.0,34.5,40.1
288066,Hospital de San Vicente,2026-10-01T13:53:58.557424+00:00,27.3,37.4,47.6
288332,Facultad de Salud Pública y Nutrición,2026-10-01T13:53:58.557424+00:00,25.2,35.4,42.7
292893,TEC-AMM-RB-005,2026-10-01T13:53:58.557424+00:00,29.2,42.1,55.5
292895,TEC-AMM-RD-004,2026-10-01T13:53:58.557424+00:00,27.7,38.8,50.4
292889,TEC-AMM-RB-003,2026-10-01T13:53:58.557424+00:00,31.0,44.6,56.4
292891,TEC-AMM-RC-004,2026-10-01T13:53:58.557424+00:00,26.3,35.1,44.9
292897,TEC-AMM-RF-005,2026-10-01T13:53:58.557424+00:00,20.7,29.0,34.9
292905,TEC-AMM-RC-006,2026-10-01T13:53:58.557424+00:00,25.8,32.8,38.5
292943,TEC-AMM-RC-005,2026-10-01T13:53:58.557424+00:00,28.7,39.0,48.2
292939,TEC-AMM-RA-001,2026-10-01T13:53:58.557424+00:00,26.8,38.8,53.7
292949,TEC-AMM-RA-003,2026-10-01T13:53:58.557424+00:00,26.4,36.7,46.9
292951,TEC-AMM-RB-004,2026-10-01T13:53:58.557424+00:00,24.6,36.0,42.9
292947,TEC-AMM-RA-004,2026-10-01T13:53:58.557424+00:00,27.0,38.0,47.6
292957,TEC-AMM-RC-008,2026-10-01T13:53:58.557424+00:00,26.0,34.8,41.5
292973,TEC-AMM-RC-003,2026-10-01T13:53:58.557424+00:00,28.4,40.0,50.8
292997,TEC-AMM-RF-004,2026-10-01T13:53:58.557424+00:00,22.2,30.3,37.2
292999,TEC-AMM-RE-002,2026-10-01T13:53:58.557424+00:00,25.9,34.8,45.0
293001,TEC-AMM-RF-006,2026-10-01T13:53:58.557424+00:00,23.4,33.3,42.0
293003,TEC-AMM-RB-006,2026-10-01T13:53:58.557424+00:00,26.5,36.9,47.4
293469,Leon Ortigosa ABP,2026-10-01T13:53:58.557424+00:00,1.2,1.6,2.3
293465,Loma Larga,2026-10-01T13:53:58.557424+00:00,10.1,12.5,13.1
293467,UMF37,2026-10-01T13:53:58.557424+00:00,20.2,28.3,30.7
33027,Lagos del Bosque,2026-10-01T13:53:58.557424+00:00,0.3,1.4,1.4
33117,Liceo de Monterrey,2026-10-01T13:53:58.557424+00:00,25.2,39.6,46.5
34441,Callejon de los Ayala,2026-10-01T13:53:58.557424+00:00,6.1,10.2,11.9
34499,San Patricio #106,2026-10-01T13:53:58.557424+00:00,0.0,0.0,0.0
34511,Rosario,2026-10-01T13:53:58.557424+00:00,17.6,30.8,33.9
38663,Rayon Norte,2026-10-01T13:53:58.557424+00:00,4.2,5.4,6.2
42211,RF,2026-10-01T13:53:58.557424+00:00,16.5,25.2,29.4
305140,Bicla,2026-10-01T13:53:58.557424+00:00,24.3,36.4,45.5
305164,NuevaMaderoDave,2026-10-01T13:53:58.557424+00:00,28.1,40.0,51.1
305192,11a avenida cumbres 1 sector,2026-10-01T13:53:58.557424+00:00,24.5,35.0,45.3
305232,PurpleAir Ancira Mty,2026-10-01T13:53:58.557424+00:00,27.9,40.3,51.3
43627,Liceo de Monterrey Rosemont,2026-10-01T13:53:58.557424+00:00,9.7,12.7,18.4
45769,Huascaran,2026-10-01T13:53:58.557424+00:00,18.6,30.6,34.8
308956,Jardín de las carreras,2026-10-01T13:53:58.557424+00:00,28.5,41.1,52.6
49949,El Horizonte,2026-10-01T13:53:58.557424+00:00,19.8,31.4,36.5
50555,Treviño,2026-10-01T13:53:58.557424+00:00,0.0,0.0,0.0
50871,TEC Garza Laguera,2026-10-01T13:53:58.557424+00:00,9.4,12.9,13.0
321194,Ramsesgs,2026-10-01T13:53:58.557424+00:00,27.8,41.4,50.6
119937,Grupo Reforma Cumbres,2026-10-01T13:53:58.557424+00:00,11.5,23.0,24.7
119965,Grupo Reforma El Norte,2026-10-01T13:53:58.557424+00:00,16.2,24.0,28.0
121719,GrupoReforma La Silla,2026-10-01T13:53:58.557424+00:00,19.8,30.2,35.2
136522,Bosques de La Pastora,2026-10-01T13:53:58.557424+00:00,20.3,31.6,34.2
147010,Santa Barbara,2026-10-01T13:53:58.557424+00:00,20.1,30.2,37.2
174781,Colegio Cambridge de Monterrey Campus Mitras,2026-10-01T13:53:58.557424+00:00,22.2,29.7,34.0
174787,Colegio Cambridge de Monterrey Campus Norte,2026-10-01T13:53:58.557424+00:00,35.2,41.8,47.9
189431,BEA,2026-10-01T13:53:58.557424+00:00,23.3,36.6,42.7
189435,Olinalá,2026-10-01T13:53:58.557424+00:00,9.3,14.7,15.0
189447,Río Amazonas NO,2026-10-01T13:53:58.557424+00:00,23.0,36.4,42.1
189455,CHIPINQUE CAV,2026-10-01T13:53:58.557424+00:00,19.1,31.8,35.2
189469,Hospital Zambran Hellion TecSalud,2026-10-01T13:53:58.557424+00:00,21.8,34.6,39.4
208785,Colegio Cambridge de Monterrey Campus Anáhuac,2026-10-01T13:53:58.557424+00:00,28.0,37.1,46.2
209147,Rincon de San Jeronimo,2026-10-01T13:53:58.557424+00:00,16.0,26.0,27.6
227879,Rectoria,2026-10-01T13:53:58.557424+00:00,26.6,37.3,45.2
227887,Sensor_Purple_Air-Explanada_EGP-Entrada_Prin,2026-10-01T13:53:58.557424+00:00,2.7,3.7,4.6
227889,Parque central,2026-10-01T13:53:58.557424+00:00,26.5,35.9,45.8
227907,Estacionamiento Alumnos,2026-10-01T13:53:58.557424+00:00,20.3,28.0,32.8
227913,EGADE-Sombrillas,2026-10-01T13:53:58.557424+00:00,26.9,39.8,48.9
228003,EGL-Jardín Robótica,2026-10-01T13:53:58.557424+00:00,27.6,39.6,49.0
228001,C-MTY Explanada 2,2026-10-01T13:53:58.557424+00:00,30.6,45.3,55.4
228383,Estadio Banorte,2026-10-01T13:53:58.557424+00:00,29.9,41.9,52.5
228381,C-MTY RAMPA CAFETERÍA,2026-10-01T13:53:58.557424+00:00,26.6,39.3,52.7
228389,PEGS-Sensor-Canchas,2026-10-01T13:53:58.557424+00:00,26.6,36.3,44.6
228407,CEDES,2026-10-01T13:53:58.557424+00:00,26.0,35.1,42.8
228555,EGL-JARDÍN ROB,2026-10-01T13:53:58.557424+00:00,28.9,41.2,53.0
278863,Rio Balsas,2026-10-01T19:23:03.855646+00:00,10.9,13.1,14.1
278869,Veredalta,2026-10-01T19:23:03.855646+00:00,12.6,16.0,16.8
278871,Parroquia Reina de Los Ángeles,2026-10-01T19:23:03.855646+00:00,12.9,16.2,17.7
278875,Secretaría de Relaciones Exteriores,2026-10-01T19:23:03.855646+00:00,12.0,15.4,17.3
278883,Mater International Institute,2026-10-01T19:23:03.855646+00:00,10.7,13.8,15.0
278889,Chipinque Meseta,2026-10-01T19:23:03.855646+00:00,13.0,18.8,20.3
278901,OFICINAS SAN PEDRO PARQUES,2026-10-01T19:23:03.855646+00:00,14.5,18.0,20.1
278919,Residencia Tabachín,2026-10-01T19:23:03.855646+00:00,10.8,14.7,16.6
278929,Rio Caura,2026-10-01T19:23:03.855646+00:00,13.1,17.0,19.0
278931,Residencia Platon,2026-10-01T19:23:03.855646+00:00,11.5,14.9,15.5
278937,Residencia Saqqara,2026-10-01T19:23:03.855646+00:00,10.8,15.0,16.8
278939,Residencia Rio Rosas,2026-10-01T19:23:03.855646+00:00,11.7,15.0,17.1
278957,Los Pinos,2026-10-01T19:23:03.855646+00:00,7.6,10.7,12.8
278959,Colegio Nobel,2026-10-01T19:23:03.855646+00:00,12.4,16.7,18.2
278955,Residencia San Mateo,2026-10-01T19:23:03.855646+00:00,9.9,11.7,13.0
279836,San Roberto International School San Agustin,2026-10-01T19:23:03.855646+00:00,12.6,15.4,16.5
279854,Pinos,2026-10-01T19:23:03.855646+00:00,8.1,9.6,10.4
279866,Lomas del Campestre,2026-10-01T19:23:03.855646+00:00,11.8,15.7,17.6
279890,María Desatadora de Nudos,2026-10-01T19:23:03.855646+00:00,16.9,22.0,22.9
279926,Parque Mississippi,2026-10-01T19:23:03.855646+00:00,1.5,1.8,1.8
280524,Privada Paso de la Sierra,2026-10-01T19:23:03.855646+00:00,11.3,14.2,15.7
280520,Irish International School Campus First School,2026-10-01T19:23:03.855646+00:00,15.5,18.5,20.7
280532,Museo La Milarca,2026-10-01T19:23:03.855646+00:00,11.8,13.9,15.2
280534,Residencia Savotino,2026-10-01T19:23:03.855646+00:00,12.6,16.8,18.3
280644,Residencia nogal,2026-10-01T19:23:03.855646+00:00,15.2,20.3,22.3
280900,Rio Necaxa,2026-10-01T19:23:03.855646+00:00,12.7,16.1,17.2
280902,Residencia Rio Pesqueria,2026-10-01T19:23:03.855646+00:00,12.6,16.0,17.5
284960,Esquina Barranquilla y Patagonia (Altavista),2026-10-01T19:23:03.855646+00:00,12.6,15.2,16.7
285170,Residencias XII,2026-10-01T19:23:03.855646+00:00,11.7,13.9,15.3
286240,Casa Naranjos,2026-10-01T19:23:03.855646+00:00,10.7,13.1,14.4
288064,Terminal,2026-10-01T19:23:03.855646+00:00,10.8,14.3,17.3
288066,Hospital de San Vicente,2026-10-01T19:23:03.855646+00:00,10.7,13.3,16.4
288332,Facultad de Salud Pública y Nutrición,2026-10-01T19:23:03.855646+00:00,10.0,12.8,14.6
292893,TEC-AMM-RB-005,2026-10-01T19:23:03.855646+00:00,13.9,18.1,20.3
292895,TEC-AMM-RD-004,2026-10-01T19:23:03.855646+00:00,4.6,6.0,7.4
292889,TEC-AMM-RB-003,2026-10-01T19:23:03.855646+00:00,15.8,20.0,23.2
292891,TEC-AMM-RC-004,2026-10-01T19:23:03.855646+00:00,21.5,26.7,30.3
292897,TEC-AMM-RF-005,2026-10-01T19:23:03.855646+00:00,12.4,16.0,17.9
292905,TEC-AMM-RC-006,2026-10-01T19:23:03.855646+00:00,23.9,30.3,32.2
292943,TEC-AMM-RC-005,2026-10-01T19:23:03.855646+00:00,21.1,26.3,31.5
292939,TEC-AMM-RA-001,2026-10-01T19:23:03.855646+00:00,14.0,18.5,22.0
292949,TEC-AMM-RA-003,2026-10-01T19:23:03.855646+00:00,11.3,14.6,17.6
292951,TEC-AMM-RB-004,2026-10-01T19:23:03.855646+00:00,13.0,17.3,19.5
292947,TEC-AMM-RA-004,2026-10-01T19:23:03.855646+00:00,13.4,17.1,21.1
292957,TEC-AMM-RC-008,2026-10-01T19:23:03.855646+00:00,8.0,10.8,13.7
292973,TEC-AMM-RC-003,2026-10-01T19:23:03.855646+00:00,9.3,11.8,12.9
292997,TEC-AMM-RF-004,2026-10-01T19:23:03.855646+00:00,6.3,8.4,10.3
292999,TEC-AMM-RE-002,2026-10-01T19:23:03.855646+00:00,9.1,11.8,15.1
293001,TEC-AMM-RF-006,2026-10-01T19:23:03.855646+00:00,16.2,21.4,25.3
293003,TEC-AMM-RB-006,2026-10-01T19:23:03.855646+00:00,11.2,13.4,14.9
293469,Leon Ortigosa ABP,2026-10-01T19:23:03.855646+00:00,1.2,1.6,2.3
293465,Loma Larga,2026-10-01T19:23:03.855646+00:00,10.1,12.5,13.1
293467,UMF37,2026-10-01T19:23:03.855646+00:00,9.4,12.8,14.1
33027,Lagos del Bosque,2026-10-01T19:23:03.855646+00:00,0.0,0.0,0.0
33117,Liceo de Monterrey,2026-10-01T19:23:03.855646+00:00,16.3,23.5,26.4
34441,Callejon de los Ayala,2026-10-01T19:23:03.855646+00:00,2.2,4.3,5.0
34499,San Patricio #106,2026-10-01T19:23:03.855646+00:00,0.0,0.0,0.0
34511,Rosario,2026-10-01T19:23:03.855646+00:00,10.9,16.8,18.1
38663,Rayon Norte,2026-10-01T19:23:03.855646+00:00,4.2,5.4,6.2
42211,RF,2026-10-01T19:23:03.855646+00:00,8.0,11.4,13.6
305140,Bicla,2026-10-01T19:23:03.855646+00:00,8.3,10.6,11.9
305164,NuevaMaderoDave,2026-10-01T19:23:03.855646+00:00,6.1,8.0,9.1
305192,11a avenida cumbres 1 sector,2026-10-01T19:23:03.855646+00:00,10.4,13.2,14.2
305232,PurpleAir Ancira Mty,2026-10-01T19:23:03.855646+00:00,15.3,19.3,20.7
43627,Liceo de Monterrey Rosemont,2026-10-01T19:23:03.855646+00:00,18.4,20.3,24.5
45769,Huascaran,2026-10-01T19:23:03.855646+00:00,10.7,15.6,16.9
308956,Jardín de las carreras,2026-10-01T19:23:03.855646+00:00,11.1,14.4,15.8
49949,El Horizonte,2026-10-01T19:23:03.855646+00:00,9.2,13.8,14.6
50555,Treviño,2026-10-01T19:23:03.855646+00:00,0.0,0.0,0.0
50871,TEC Garza Laguera,2026-10-01T19:23:03.855646+00:00,9.4,12.9,13.0
321194,Ramsesgs,2026-10-01T19:23:03.855646+00:00,9.9,13.4,15.2
119937,Grupo Reforma Cumbres,2026-10-01T19:23:03.855646+00:00,2.9,5.8,6.0
119965,Grupo Reforma El Norte,2026-10-01T19:23:03.855646+00:00,6.2,12.4,14.5
121719,GrupoReforma La Silla,2026-10-01T19:23:03.855646+00:00,5.3,10.0,12.2
136522,Bosques de La Pastora,2026-10-01T19:23:03.855646+00:00,1.9,4.4,4.7
147010,Santa Barbara,2026-10-01T19:23:03.855646+00:00,8.3,12.1,12.7
174781,Colegio Cambridge de Monterrey Campus Mitras,2026-10-01T19:23:03.855646+00:00,13.2,15.5,17.0
174787,Colegio Cambridge de Monterrey Campus Norte,2026-10-01T19:23:03.855646+00:00,5.4,5.9,6.8
189431,BEA,2026-10-01T19:23:03.855646+00:00,10.2,15.5,16.3
189435,Olinalá,2026-10-01T19:23:03.855646+00:00,14.6,21.5,21.9
189447,Río Amazonas NO,2026-10-01T19:23:03.855646+00:00,15.8,22.9,23.3
189455,CHIPINQUE CAV,2026-10-01T19:23:03.855646+00:00,16.0,24.8,25.8
189469,Hospital Zambran Hellion TecSalud,2026-10-01T19:23:03.855646+00:00,11.7,18.1,18.8
208785,Colegio Cambridge de Monterrey Campus Anáhuac,2026-10-01T19:23:03.855646+00:00,3.5,4.7,6.6
209147,Rincon de San Jeronimo,2026-10-01T19:23:03.855646+00:00,10.5,15.5,16.3
227879,Rectoria,2026-10-01T19:23:03.855646+00:00,10.1,12.4,14.3
227887,Sensor_Purple_Air-Explanada_EGP-Entrada_Prin,2026-10-01T19:23:03.855646+00:00,2.7,3.7,4.6
227889,Parque central,2026-10-01T19:23:03.855646+00:00,9.2,10.5,12.2
227907,Estacionamiento Alumnos,2026-10-01T19:23:03.855646+00:00,3.8,4.8,5.8
227913,EGADE-Sombrillas,2026-10-01T19:23:03.855646+00:00,13.8,18.7,20.7
228003,EGL-Jardín Robótica,2026-10-01T19:23:03.855646+00:00,10.2,12.7,13.3
228001,C-MTY Explanada 2,2026-10-01T19:23:03.855646+00:00,17.7,23.1,24.7
228383,Estadio Banorte,2026-10-01T19:23:03.855646+00:00,11.5,14.2,16.0
228381,C-MTY RAMPA CAFETERÍA,2026-10-01T19:23:03.855646+00:00,11.9,15.4,17.5
228389,PEGS-Sensor-Canchas,2026-10-01T19:23:03.855646+00:00,13.0,16.3,18.4
228407,CEDES,2026-10-01T19:23:03.855646+00:00,9.8,11.7,13.8
228555,EGL-JARDÍN ROB,2026-10-01T19:23:03.855646+00:00,10.8,12.8,14.9
278863,Rio Balsas,2026-10-01T23:15:46.004713+00:00,8.3,10.8,12.1
278869,Veredalta,2026-10-01T23:15:46.004713+00:00,5.8,7.8,9.0
278871,Parroquia Reina de Los Ángeles,2026-10-01T23:15:46.004713+00:00,5.5,7.2,7.9
278875,Secretaría de Relaciones Exteriores,2026-10-01T23:15:46.004713+00:00,8.2,11.1,12.3
278883,Mater International Institute,2026-10-01T23:15:46.004713+00:00,5.8,7.2,7.6
278889,Chipinque Meseta,2026-10-01T23:15:46.004713+00:00,1.5,2.3,2.8
278901,OFICINAS SAN PEDRO PARQUES,2026-10-01T23:15:46.004713+00:00,6.7,8.5,9.3
278919,Residencia Tabachín,2026-10-01T23:15:46.004713+00:00,1.0,1.6,2.0
278929,Rio Caura,2026-10-01T23:15:46.004713+00:00,8.3,12.3,14.4
278931,Residencia Platon,2026-10-01T23:15:46.004713+00:00,6.8,9.3,10.4
278937,Residencia Saqqara,2026-10-01T23:15:46.004713+00:00,8.4,11.4,12.3
278939,Residencia Rio Rosas,2026-10-01T23:15:46.004713+00:00,12.0,16.2,18.4
278957,Los Pinos,2026-10-01T23:15:46.004713+00:00,5.7,9.1,11.6
278959,Colegio Nobel,2026-10-01T23:15:46.004713+00:00,7.6,10.3,11.3
278955,Residencia San Mateo,2026-10-01T23:15:46.004713+00:00,2.0,2.8,3.8
279836,San Roberto International School San Agustin,2026-10-01T23:15:46.004713+00:00,6.6,8.6,9.8
279854,Pinos,2026-10-01T23:15:46.004713+00:00,8.0,10.2,11.8
279866,Lomas del Campestre,2026-10-01T23:15:46.004713+00:00,3.6,4.6,5.1
279890,María Desatadora de Nudos,2026-10-01T23:15:46.004713+00:00,1.5,1.9,2.2
279926,Parque Mississippi,2026-10-01T23:15:46.004713+00:00,1.5,1.8,1.8
280524,Privada Paso de la Sierra,2026-10-01T23:15:46.004713+00:00,6.8,8.4,9.4
280520,Irish International School Campus First School,2026-10-01T23:15:46.004713+00:00,5.7,7.3,7.9
280532,Museo La Milarca,2026-10-01T23:15:46.004713+00:00,2.6,3.5,4.0
280534,Residencia Savotino,2026-10-01T23:15:46.004713+00:00,9.4,12.1,13.7
280644,Residencia nogal,2026-10-01T23:15:46.004713+00:00,1.8,2.4,3.0
280900,Rio Necaxa,2026-10-01T23:15:46.004713+00:00,8.7,11.5,12.4
280902,Residencia Rio Pesqueria,2026-10-01T23:15:46.004713+00:00,8.3,11.4,13.3
284960,Esquina Barranquilla y Patagonia (Altavista),2026-10-01T23:15:46.004713+00:00,4.4,5.3,6.4
285170,Residencias XII,2026-10-01T23:15:46.004713+00:00,5.3,6.4,7.9
286240,Casa Naranjos,2026-10-01T23:15:46.004713+00:00,5.3,6.6,7.9
288064,Terminal,2026-10-01T23:15:46.004713+00:00,6.2,7.6,9.4
288066,Hospital de San Vicente,2026-10-01T23:15:46.004713+00:00,5.2,6.7,8.4
288332,Facultad de Salud Pública y Nutrición,2026-10-01T23:15:46.004713+00:00,4.2,6.1,7.9
292893,TEC-AMM-RB-005,2026-10-01T23:15:46.004713+00:00,6.5,8.5,10.0
292895,TEC-AMM-RD-004,2026-10-01T23:15:46.004713+00:00,3.5,4.6,5.7
292889,TEC-AMM-RB-003,2026-10-01T23:15:46.004713+00:00,8.9,11.2,12.7
292891,TEC-AMM-RC-004,2026-10-01T23:15:46.004713+00:00,21.5,27.2,29.6
292897,TEC-AMM-RF-005,2026-10-01T23:15:46.004713+00:00,10.1,12.8,13.8
292905,TEC-AMM-RC-006,2026-10-01T23:15:46.004713+00:00,24.5,31.4,36.5
292943,TEC-AMM-RC-005,2026-10-01T23:15:46.004713+00:00,26.6,36.0,47.6
292939,TEC-AMM-RA-001,2026-10-01T23:15:46.004713+00:00,7.1,8.9,10.3
292949,TEC-AMM-RA-003,2026-10-01T23:15:46.004713+00:00,8.1,10.6,13.5
292951,TEC-AMM-RB-004,2026-10-01T23:15:46.004713+00:00,5.7,7.9,9.0
292947,TEC-AMM-RA-004,2026-10-01T23:15:46.004713+00:00,3.5,4.8,6.2
292957,TEC-AMM-RC-008,2026-10-01T23:15:46.004713+00:00,14.3,19.0,21.8
292973,TEC-AMM-RC-003,2026-10-01T23:15:46.004713+00:00,18.0,23.1,26.9
292997,TEC-AMM-RF-004,2026-10-01T23:15:46.004713+00:00,2.6,3.3,5.0
292999,TEC-AMM-RE-002,2026-10-01T23:15:46.004713+00:00,4.4,6.1,8.8
293001,TEC-AMM-RF-006,2026-10-01T23:15:46.004713+00:00,3.2,5.0,7.9
293003,TEC-AMM-RB-006,2026-10-01T23:15:46.004713+00:00,4.7,6.2,7.2
293469,Leon Ortigosa ABP,2026-10-01T23:15:46.004713+00:00,1.2,1.6,2.3
293465,Loma Larga,2026-10-01T23:15:46.004713+00:00,10.1,12.5,13.1
293467,UMF37,2026-10-01T23:15:46.004713+00:00,4.0,5.8,6.5
33027,Lagos del Bosque,2026-10-01T23:15:46.004713+00:00,0.0,0.0,0.0
33117,Liceo de Monterrey,2026-10-01T23:15:46.004713+00:00,12.1,16.0,16.2
34441,Callejon de los Ayala,2026-10-01T23:15:46.004713+00:00,1.1,2.6,3.4
34499,San Patricio #106,2026-10-01T23:15:46.004713+00:00,0.0,0.0,0.0
34511,Rosario,2026-10-01T23:15:46.004713+00:00,3.8,6.0,6.1
38663,Rayon Norte,2026-10-01T23:15:46.004713+00:00,4.2,5.4,6.2
42211,RF,2026-10-01T23:15:46.004713+00:00,1.0,1.5,1.7
305140,Bicla,2026-10-01T23:15:46.004713+00:00,4.3,6.1,7.1
305164,NuevaMaderoDave,2026-10-01T23:15:46.004713+00:00,4.9,7.0,7.6
305192,11a avenida cumbres 1 sector,2026-10-01T23:15:46.004713+00:00,2.2,3.2,4.4
305232,PurpleAir Ancira Mty,2026-10-01T23:15:46.004713+00:00,3.8,5.3,6.8
43627,Liceo de Monterrey Rosemont,2026-10-01T23:15:46.004713+00:00,5.0,5.8,7.1
45769,Huascaran,2026-10-01T23:15:46.004713+00:00,1.6,2.1,2.1
308956,Jardín de las carreras,2026-10-01T23:15:46.004713+00:00,6.0,8.4,9.9
49949,El Horizonte,2026-10-01T23:15:46.004713+00:00,4.1,6.1,6.7
50555,Treviño,2026-10-01T23:15:46.004713+00:00,0.0,0.0,0.0
50871,TEC Garza Laguera,2026-10-01T23:15:46.004713+00:00,9.4,12.9,13.0
321194,Ramsesgs,2026-10-01T23:15:46.004713+00:00,2.0,3.2,3.4
119937,Grupo Reforma Cumbres,2026-10-01T23:15:46.004713+00:00,0.0,0.0,0.4
119965,Grupo Reforma El Norte,2026-10-01T23:15:46.004713+00:00,2.2,4.5,4.9
121719,GrupoReforma La Silla,2026-10-01T23:15:46.004713+00:00,2.8,5.3,5.6
136522,Bosques de La Pastora,2026-10-01T23:15:46.004713+00:00,4.0,8.6,8.8
147010,Santa Barbara,2026-10-01T23:15:46.004713+00:00,5.8,7.6,8.0
174781,Colegio Cambridge de Monterrey Campus Mitras,2026-10-01T23:15:46.004713+00:00,2.6,3.4,4.5
174787,Colegio Cambridge de Monterrey Campus Norte,2026-10-01T23:15:46.004713+00:00,2.1,2.9,3.8
189431,BEA,2026-10-01T23:15:46.004713+00:00,7.7,11.0,11.3
189435,Olinalá,2026-10-01T23:15:46.004713+00:00,1.9,2.9,2.9
189447,Río Amazonas NO,2026-10-01T23:15:46.004713+00:00,9.5,14.2,14.7
189455,CHIPINQUE CAV,2026-10-01T23:15:46.004713+00:00,1.2,2.6,2.7
189469,Hospital Zambran Hellion TecSalud,2026-10-01T23:15:46.004713+00:00,5.9,8.7,8.8
208785,Colegio Cambridge de Monterrey Campus Anáhuac,2026-10-01T23:15:46.004713+00:00,2.8,3.3,4.2
209147,Rincon de San Jeronimo,2026-10-01T23:15:46.004713+00:00,3.1,4.4,4.6
227879,Rectoria,2026-10-01T23:15:46.004713+00:00,3.9,5.2,5.7
227887,Sensor_Purple_Air-Explanada_EGP-Entrada_Prin,2026-10-01T23:15:46.004713+00:00,2.7,3.7,4.6
227889,Parque central,2026-10-01T23:15:46.004713+00:00,2.5,3.1,3.6
227907,Estacionamiento Alumnos,2026-10-01T23:15:46.004713+00:00,2.6,3.9,4.8
227913,EGADE-Sombrillas,2026-10-01T23:15:46.004713+00:00,3.8,5.1,5.7
228003,EGL-Jardín Robótica,2026-10-01T23:15:46.004713+00:00,8.3,10.3,10.7
228001,C-MTY Explanada 2,2026-10-01T23:15:46.004713+00:00,19.0,25.5,26.6
228383,Estadio Banorte,2026-10-01T23:15:46.004713+00:00,5.8,7.6,8.6
228381,C-MTY RAMPA CAFETERÍA,2026-10-01T23:15:46.004713+00:00,4.9,6.8,7.7
228389,PEGS-Sensor-Canchas,2026-10-01T23:15:46.004713+00:00,7.1,9.1,10.0
228407,CEDES,2026-10-01T23:15:46.004713+00:00,3.4,4.1,5.1
228555,EGL-JARDÍN ROB,2026-10-01T23:15:46.004713+00:00,8.7,11.6,13.5
278863,Rio Balsas,2026-10-02T02:19:43.566844+00:00,8.4,11.6,12.5
278869,Veredalta,2026-10-02T02:19:43.566844+00:00,9.2,12.1,12.7
278871,Parroquia Reina de Los Ángeles,2026-10-02T02:19:43.566844+00:00,7.9,11.1,13.0
278875,Secretaría de Relaciones Exteriores,2026-10-02T02:19:43.566844+00:00,8.6,10.9,11.7
278883,Mater International Institute,2026-10-02T02:19:43.566844+00:00,8.9,12.0,12.7
278889,Chipinque Meseta,2026-10-02T02:19:43.566844+00:00,1.5,2.3,2.8
278901,OFICINAS SAN PEDRO PARQUES,2026-10-02T02:19:43.566844+00:00,8.9,11.9,12.6
278919,Residencia Tabachín,2026-10-02T02:19:43.566844+00:00,7.3,10.6,11.2
278929,Rio Caura,2026-10-02T02:19:43.566844+00:00,9.6,13.8,15.6
278931,Residencia Platon,2026-10-02T02:19:43.566844+00:00,9.5,12.5,13.4
278937,Residencia Saqqara,2026-10-02T02:19:43.566844+00:00,8.2,11.1,12.1
278939,Residencia Rio Rosas,2026-10-02T02:19:43.566844+00:00,9.1,12.6,13.5
278957,Los Pinos,2026-10-02T02:19:43.566844+00:00,5.5,7.9,8.3
278959,Colegio Nobel,2026-10-02T02:19:43.566844+00:00,10.0,13.5,14.4
278955,Residencia San Mateo,2026-10-02T02:19:43.566844+00:00,7.4,9.8,10.6
279836,San Roberto International School San Agustin,2026-10-02T02:19:43.566844+00:00,8.3,11.1,11.7
279854,Pinos,2026-10-02T02:19:43.566844+00:00,8.4,9.8,10.1
279866,Lomas del Campestre,2026-10-02T02:19:43.566844+00:00,9.9,13.0,13.4
279890,María Desatadora de Nudos,2026-10-02T02:19:43.566844+00:00,9.4,12.4,13.6
279926,Parque Mississippi,2026-10-02T02:19:43.566844+00:00,1.5,1.8,1.8
280524,Privada Paso de la Sierra,2026-10-02T02:19:43.566844+00:00,8.7,10.5,11.4
280520,Irish International School Campus First School,2026-10-02T02:19:43.566844+00:00,10.4,13.0,14.5
280532,Museo La Milarca,2026-10-02T02:19:43.566844+00:00,9.2,11.5,12.9
280534,Residencia Savotino,2026-10-02T02:19:43.566844+00:00,9.5,12.7,12.9
280644,Residencia nogal,2026-10-02T02:19:43.566844+00:00,10.2,14.8,16.6
280900,Rio Necaxa,2026-10-02T02:19:43.566844+00:00,10.2,13.4,14.0
280902,Residencia Rio Pesqueria,2026-10-02T02:19:43.566844+00:00,9.7,12.5,13.2
284960,Esquina Barranquilla y Patagonia (Altavista),2026-10-02T02:19:43.566844+00:00,9.3,11.6,12.8
285170,Residencias XII,2026-10-02T02:19:43.566844+00:00,10.2,12.1,13.5
286240,Casa Naranjos,2026-10-02T02:19:43.566844+00:00,7.2,8.9,9.3
288064,Terminal,2026-10-02T02:19:43.566844+00:00,7.3,9.7,11.4
288066,Hospital de San Vicente,2026-10-02T02:19:43.566844+00:00,8.5,10.9,12.1
288332,Facultad de Salud Pública y Nutrición,2026-10-02T02:19:43.566844+00:00,10.6,14.3,15.5
292893,TEC-AMM-RB-005,2026-10-02T02:19:43.566844+00:00,8.3,11.1,12.4
292895,TEC-AMM-RD-004,2026-10-02T02:19:43.566844+00:00,5.3,7.3,9.2
292889,TEC-AMM-RB-003,2026-10-02T02:19:43.566844+00:00,7.5,9.6,11.3
292891,TEC-AMM-RC-004,2026-10-02T02:19:43.566844+00:00,7.6,9.5,11.2
292897,TEC-AMM-RF-005,2026-10-02T02:19:43.566844+00:00,6.3,8.2,8.7
292905,TEC-AMM-RC-006,2026-10-02T02:19:43.566844+00:00,16.8,19.4,20.8
292943,TEC-AMM-RC-005,2026-10-02T02:19:43.566844+00:00,8.5,12.0,15.1
292939,TEC-AMM-RA-001,2026-10-02T02:19:43.566844+00:00,9.9,12.6,13.6
292949,TEC-AMM-RA-003,2026-10-02T02:19:43.566844+00:00,8.7,11.4,12.4
292951,TEC-AMM-RB-004,2026-10-02T02:19:43.566844+00:00,8.2,11.2,12.1
292947,TEC-AMM-RA-004,2026-10-02T02:19:43.566844+00:00,8.9,11.6,13.0
292957,TEC-AMM-RC-008,2026-10-02T02:19:43.566844+00:00,5.6,7.9,9.4
292973,TEC-AMM-RC-003,2026-10-02T02:19:43.566844+00:00,8.2,11.1,13.4
292997,TEC-AMM-RF-004,2026-10-02T02:19:43.566844+00:00,6.0,8.4,9.9
292999,TEC-AMM-RE-002,2026-10-02T02:19:43.566844+00:00,5.2,7.0,8.3
293001,TEC-AMM-RF-006,2026-10-02T02:19:43.566844+00:00,8.3,11.6,13.4
293003,TEC-AMM-RB-006,2026-10-02T02:19:43.566844+00:00,12.3,16.3,21.0
293469,Leon Ortigosa ABP,2026-10-02T02:19:43.566844+00:00,1.2,1.6,2.3
293465,Loma Larga,2026-10-02T02:19:43.566844+00:00,10.1,12.5,13.1
293467,UMF37,2026-10-02T02:19:43.566844+00:00,8.0,10.6,11.1
33027,Lagos del Bosque,2026-10-02T02:19:43.566844+00:00,0.0,0.0,0.0
33117,Liceo de Monterrey,2026-10-02T02:19:43.566844+00:00,12.7,18.5,19.1
34441,Callejon de los Ayala,2026-10-02T02:19:43.566844+00:00,1.2,2.6,3.5
34499,San Patricio #106,2026-10-02T02:19:43.566844+00:00,0.0,0.0,0.0
34511,Rosario,2026-10-02T02:19:43.566844+00:00,5.5,8.9,9.4
38663,Rayon Norte,2026-10-02T02:19:43.566844+00:00,4.2,5.4,6.2
42211,RF,2026-10-02T02:19:43.566844+00:00,6.4,9.5,10.7
305140,Bicla,2026-10-02T02:19:43.566844+00:00,9.8,13.7,14.9
305164,NuevaMaderoDave,2026-10-02T02:19:43.566844+00:00,9.8,14.1,15.9
305192,11a avenida cumbres 1 sector,2026-10-02T02:19:43.566844+00:00,8.5,11.5,13.7
305232,PurpleAir Ancira Mty,2026-10-02T02:19:43.566844+00:00,10.0,12.7,13.3
43627,Liceo de Monterrey Rosemont,2026-10-02T02:19:43.566844+00:00,4.8,5.8,7.0
45769,Huascaran,2026-10-02T02:19:43.566844+00:00,5.6,9.4,10.3
308956,Jardín de las carreras,2026-10-02T02:19:43.566844+00:00,8.6,11.5,12.8
49949,El Horizonte,2026-10-02T02:19:43.566844+00:00,7.6,11.8,13.2
50555,Treviño,2026-10-02T02:19:43.566844+00:00,0.0,0.0,0.0
50871,TEC Garza Laguera,2026-10-02T02:19:43.566844+00:00,9.4,12.9,13.0
321194,Ramsesgs,2026-10-02T02:19:43.566844+00:00,9.5,12.9,14.1
119937,Grupo Reforma Cumbres,2026-10-02T02:19:43.566844+00:00,0.9,3.3,3.6
119965,Grupo Reforma El Norte,2026-10-02T02:19:43.566844+00:00,8.8,12.6,13.1
121719,GrupoReforma La Silla,2026-10-02T02:19:43.566844+00:00,1.2,4.6,4.8
136522,Bosques de La Pastora,2026-10-02T02:19:43.566844+00:00,0.6,2.9,3.4
147010,Santa Barbara,2026-10-02T02:19:43.566844+00:00,5.9,8.6,8.7
174781,Colegio Cambridge de Monterrey Campus Mitras,2026-10-02T02:19:43.566844+00:00,9.4,11.9,13.1
174787,Colegio Cambridge de Monterrey Campus Norte,2026-10-02T02:19:43.566844+00:00,3.5,4.2,5.6
189431,BEA,2026-10-02T02:19:43.566844+00:00,9.0,14.0,14.6
189435,Olinalá,2026-10-02T02:19:43.566844+00:00,9.5,14.3,14.5
189447,Río Amazonas NO,2026-10-02T02:19:43.566844+00:00,9.1,13.9,14.1
189455,CHIPINQUE CAV,2026-10-02T02:19:43.566844+00:00,8.7,14.4,14.6
189469,Hospital Zambran Hellion TecSalud,2026-10-02T02:19:43.566844+00:00,7.9,13.0,13.2
208785,Colegio Cambridge de Monterrey Campus Anáhuac,2026-10-02T02:19:43.566844+00:00,5.7,7.5,8.8
209147,Rincon de San Jeronimo,2026-10-02T02:19:43.566844+00:00,5.3,7.9,8.3
227879,Rectoria,2026-10-02T02:19:43.566844+00:00,7.4,9.4,9.6
227887,Sensor_Purple_Air-Explanada_EGP-Entrada_Prin,2026-10-02T02:19:43.566844+00:00,2.7,3.7,4.6
227889,Parque central,2026-10-02T02:19:43.566844+00:00,7.2,8.9,10.5
227907,Estacionamiento Alumnos,2026-10-02T02:19:43.566844+00:00,2.8,4.2,4.8
227913,EGADE-Sombrillas,2026-10-02T02:19:43.566844+00:00,18.7,24.2,26.8
228003,EGL-Jardín Robótica,2026-10-02T02:19:43.566844+00:00,8.2,10.3,10.8
228001,C-MTY Explanada 2,2026-10-02T02:19:43.566844+00:00,8.7,11.5,12.4
228383,Estadio Banorte,2026-10-02T02:19:43.566844+00:00,9.2,11.4,12.8
228381,C-MTY RAMPA CAFETERÍA,2026-10-02T02:19:43.566844+00:00,8.7,11.4,12.2
228389,PEGS-Sensor-Canchas,2026-10-02T02:19:43.566844+00:00,8.7,11.3,12.2
228407,CEDES,2026-10-02T02:19:43.566844+00:00,2.8,3.8,4.9
228555,EGL-JARDÍN ROB,2026-10-02T02:19:43.566844+00:00,8.8,12.0,13.3
